File: C:\Program Files\MED-PC\Data\2026-03-02_14h36m_Subject _LN01.txt


Start Date: 03/02/26
End Date: 03/02/26
Subject: _LN01
Experiment: 
Group: 
Box: 1
Start Time: 14:36:45
End Time: 15:37:34
MSN: YM_TEMPLATE_oddball_LIGHTodd_HINT_Resp4_RANDI_active_20250805_3
B:
     0:       32.000        0.000        0.000        8.000        0.000
     5:        0.000 85748925.000        0.000        0.000        0.000
    10:     2679.000        0.000        0.000        0.000        0.000
C:
     0:        2.000        0.000        0.000        0.000        0.000
     5:        0.000
D:
     0:    10000.000    10000.000    10000.000        0.000        2.000
     5:        3.000        3.000        3.000        6.000        6.000
    10:        6.000       59.000        1.000        5.000        4.000
    15:        1.000        5.000        6.000        2.000        5.000
    20:        6.000        1.000       60.000       70.000       80.000
    25:       88.000        6.000        6.000     1000.000     1000.000
    30:        0.000
E:
     0:        0.000        1.000        2.000        3.000        4.000
     5:        5.000        6.000        7.000        8.000        9.000
    10:       10.000       11.000       12.000       13.000       14.000
    15:       15.000       16.000       17.000       18.000       19.000
    20:       20.000       21.000       22.000       23.000       24.000
    25:       25.000       26.000       27.000       28.000       29.000
    30:       30.000       31.000       32.000       33.000       34.000
    35:       35.000       36.000       37.000       38.000       39.000
    40:       40.000       41.000       42.000       43.000       44.000
    45:       45.000       46.000       47.000       48.000       49.000
    50:       50.000       51.000       52.000       53.000       54.000
    55:       55.000       56.000       57.000       58.000       59.000
    60:       60.000       61.000       62.000       63.000       64.000
    65:       65.000       66.000       67.000       68.000       69.000
    70:       70.000       71.000       72.000       73.000       74.000
    75:       75.000       76.000       77.000       78.000       79.000
    80:       80.000       81.000       82.000       83.000       84.000
    85:       85.000       86.000       87.000       88.000       89.000
    90:       90.000       91.000       92.000       93.000       94.000
    95:       95.000       96.000       97.000       98.000       99.000
K:
     0:        1.000        2.000
M:
     0:        6.000        8.000       10.000       12.000       14.000
     5:        6.000        8.000       10.000       12.000       14.000
N:
     0:        1.000        1.000        1.000        1.000        1.000
     5:        1.000        1.000        1.000        1.000        1.000
    10:        1.000        1.000
P:
     0:        6.000        8.000       10.000       12.000       14.000
     5:        6.000        8.000       10.000       12.000       14.000
Q:
     0:        0.000        0.050        0.100        0.200        0.300
     5:        0.500        1.000        2.000      100.000
R:
     0:        0.000       50.000       55.000       60.000       65.000
     5:       70.000       80.000       90.000
S:
     0:     -100.000        0.000     6000.000     8000.000    10000.000
     5:    12000.000
T:
     0:       20.000       25.000       30.000       35.000       40.000
X:
     0:        0.000      558.399 41000585.875 43000586.112 44000586.142
     5: 43000586.224 44000586.260 43000586.355 44000586.382 43000586.510
    10: 44000586.531 43000586.649 44000586.685 43000586.778 44000586.826
    15: 43000586.846 44000586.901 42000587.016 33000594.069 36000594.614
    20: 35000594.666 36000594.737 35000594.763 36000595.247 35000595.352
    25: 36000595.399 35000595.490 36000595.563 34000595.805 33000595.838
    30: 34000595.861 33000595.871 35000596.125 36000596.169 35000596.204
    35: 36000596.288 34000596.345 33000598.201 35000598.330 36000598.372
    40: 34000598.449 41000599.248 43000599.481 44000599.509 43000599.608
    45: 44000599.640 43000599.716 44000599.747 43000599.761 44000599.840
    50: 43000599.887 44000600.097 43000600.129 44000600.388 43000600.402
    55: 44000600.462 43000600.575 44000600.612 43000600.724 44000600.745
    60: 42000600.844 37000604.110 38000604.191 33000604.664 35000604.858
    65: 36000604.940 35000604.963  1000605.074 36000605.079 35000605.097
    70: 36000605.336 34000605.387 33000605.612 34000605.670 33000605.690
    75: 35000605.896 36000605.927 35000605.956 36000606.043 34000606.126
    80: 65000609.074 74000609.074 81000609.074 61000611.204 65000613.074
    85: 76000613.074 82000613.074 41000616.424 43000616.984 65000617.074
    90: 76000617.074 81000617.074  5000617.074 63000617.074 44000617.142
    95: 42000617.212 41000617.250 43000617.733 44000617.772 43000617.864
   100: 44000617.920 61000618.214 43000618.438 44000618.487 43000618.860
   105: 44000618.895 43000618.952 44000618.997 43000619.012 44000619.040
   110: 43000619.066 44000619.128 43000619.417 44000619.509 43000619.829
   115: 44000619.856 42000619.943 33000620.529 35000620.738 36000620.787
   120: 35000620.802 36000620.896 35000620.904 65000621.074 76000621.074
   125: 81000621.074 36000621.149 35000621.205 36000621.610 35000621.732
   130: 36000621.818 35000621.858 36000622.019 34000622.125 33000622.157
   135: 35000622.375 36000622.659 35000622.873 36000623.003 34000623.321
   140: 33000623.329 34000623.599 33000623.609 34000623.952 61000624.664
   145: 33000625.021 65000625.074 76000625.074 81000625.074 35000625.137
   150: 36000625.576 35000625.669 36000625.700 34000626.426 33000628.090
   155: 35000628.184 36000628.223 35000628.261 65000629.074 76000629.074
   160: 81000629.074 36000629.112 34000629.211 41000629.716 43000630.168
   165: 44000630.291 43000630.339 44000630.399 43000630.671 44000630.710
   170: 43000630.755 44000630.861 43000630.893 44000630.947 43000630.964
   175: 44000631.020 43000631.021 44000631.081 43000631.189 44000631.245
   180: 61000631.334 43000631.553 44000631.608 43000631.643 44000631.703
   185: 43000631.760 44000631.835 43000632.111 44000632.278 42000632.696
   190: 65000633.074 76000633.074 81000633.074 33000633.381 35000633.556
   195: 36000634.018 35000634.207 36000634.290 34000634.527 33000635.431
   200: 34000635.681 41000636.245 43000636.569 44000636.579 43000636.683
   205: 44000636.721 43000636.832 44000636.860 42000636.933 65000637.074
   210: 76000637.074 81000637.074 41000637.077 42000637.172 41000637.215
   215: 42000637.333 61000638.004 41000639.222 42000639.490 65000641.074
   220: 76000641.074 81000641.074 63000641.087  3000641.087  4000641.589
   225: 41000642.256 43000642.568 44000642.755 43000642.810 44000642.892
   230: 43000642.940 44000642.981 43000643.231 44000643.260 42000643.347
   235: 33000643.887 35000644.021 36000644.743 35000644.808 36000644.863
   240: 35000644.995 61000645.014 65000645.074 76000645.074 81000645.074
   245: 36000645.122 34000645.326 41000645.896 43000646.225 44000646.264
   250: 43000646.416 44000646.470 43000646.573 44000646.836 43000646.864
   255: 44000646.961 43000646.995 44000647.028 43000647.074 44000647.119
   260: 43000647.204 44000647.232 43000647.313 44000647.366 43000647.448
   265: 44000647.511 43000647.594 44000647.699 43000647.737 44000648.048
   270: 43000648.275 44000648.354 43000648.407 44000648.814 42000648.981
   275: 65000649.074 76000649.074 81000649.074 33000649.549 35000649.640
   280: 36000649.704 35000649.712 36000650.579 34000650.671 61000651.904
   285: 33000652.827 65000653.074 76000653.074 81000653.074 34000653.080
   290: 63000655.094  3000655.094  4000655.596 65000657.074 76000657.074
   295: 81000657.074 37000657.510 38000657.672 41000658.025 43000658.471
   300: 44000658.511 43000658.528 44000658.572 61000658.794 43000658.814
   305: 44000658.861 43000659.104 44000659.259 42000659.334 33000659.781
   310: 35000659.921 36000660.247 35000660.250 36000660.350 35000660.384
   315: 36000660.626 35000660.670 36000660.914 34000660.963 65000661.074
   320: 76000661.074 81000661.074 61000665.024 65000665.074 76000665.074
   325: 81000665.074 63000665.099  3000665.099  4000665.601 33000666.624
   330: 35000666.843 36000666.996 35000667.003 36000667.138 35000667.163
   335: 27000667.163 28000667.173 36000667.927 35000667.973 27000667.973
   340: 28000667.983 36000668.446 35000668.480 27000668.480 28000668.490
   345: 36000668.982 35000669.031 65000669.074 76000669.074 81000669.074
   350: 36000669.437 35000669.458 36000669.577 35000669.639 36000669.668
   355: 35000669.781 36000669.871 34000670.017 33000670.684 35000671.539
   360: 36000671.600 35000671.602 61000671.694 36000671.753 35000671.814
   365: 36000672.422 35000672.492 36000672.590 35000672.784 65000673.074
   370: 76000673.074 81000673.074 36000673.096 35000673.170 36000673.283
   375: 35000673.305 36000673.442 35000674.071 36000674.139 34000674.351
   380: 33000674.481 35000674.635 36000674.770 35000674.798 36000675.224
   385: 35000675.334 36000675.775 35000675.896 36000676.109 35000676.142
   390: 36000676.235 35000676.473 36000677.028 65000677.074 76000677.074
   395: 81000677.074 35000677.092 36000677.713 35000677.897 61000678.144
   400: 36000678.335 35000678.613 36000678.751 35000678.767 36000678.909
   405: 35000678.929 36000679.089 34000679.184 33000679.242 34000679.260
   410: 33000679.264 35000679.496 36000679.552 35000679.619 36000679.800
   415: 35000679.853 36000680.042 35000680.194 36000680.297 35000680.332
   420: 36000680.476 34000680.555 33000680.616 35000680.965 65000681.074
   425: 76000681.074 81000681.074 36000681.295 35000681.562 36000681.640
   430: 35000681.764 36000681.858 34000681.904 33000682.160 34000682.259
   435: 33000682.474 34000682.576 33000682.702 34000682.722 33000682.730
   440: 35000682.861 36000683.001 34000683.064 33000683.242 35000683.477
   445: 36000683.699 35000683.931 36000683.984 35000684.806 61000685.034
   450: 65000685.074 76000685.074 81000685.074 36000685.542 35000685.607
   455: 36000685.696 34000685.749 33000685.814 35000686.195 36000686.209
   460: 35000686.562 36000686.734 35000687.150 36000687.165 35000687.237
   465: 36000687.332 34000687.434 33000687.511 34000687.771 33000687.908
   470: 35000687.973 36000688.005 35000688.091 36000688.161 34000688.209
   475: 33000688.447 35000688.597 36000688.652 34000688.688 65000689.074
   480: 76000689.074 81000689.074 41000689.432 43000689.819 44000689.866
   485: 43000689.942 44000690.103 43000690.153 44000690.196 43000690.246
   490: 44000690.285 43000690.381 44000690.428 43000690.965 44000691.011
   495: 43000691.643 44000691.658 43000691.832 61000691.924 44000691.927
   500: 42000691.982 41000692.130 42000692.405 33000692.876 35000693.015
   505: 36000693.053 65000693.074 76000693.074 81000693.074 35000693.099
   510: 36000693.159 35000693.167 36000693.341 35000693.343 36000693.784
   515: 35000693.833 36000693.910 35000693.953 36000694.077 35000694.147
   520: 36000694.193 35000694.286 36000694.339 35000694.543 36000694.612
   525: 35000694.723 36000694.900 35000695.031 36000695.059 35000695.234
   530: 36000695.538 35000695.609 36000695.683 34000695.721 41000696.609
   535: 43000696.894 44000696.938 43000697.001 44000697.047 65000697.074
   540: 76000697.074 81000697.074 42000697.350 33000697.802 35000697.931
   545: 61000698.374 36000698.633 35000698.849 36000699.350 35000699.391
   550: 36000699.525 35000699.816 36000699.979 34000700.226 33000700.228
   555: 34000700.247 65000701.074 76000701.074 81000701.074 33000701.115
   560: 35000701.221 36000701.623 34000701.806 41000702.290 43000702.565
   565: 44000702.630 43000702.876 44000702.944 43000703.146 44000703.200
   570: 43000703.284 44000703.331 43000703.473 44000703.519 42000703.962
   575: 33000704.571 35000704.741 36000704.821 61000704.824 35000704.917
   580: 65000705.074 76000705.074 81000705.074 36000705.439 34000705.544
   585: 33000705.588 35000706.176 36000706.206 35000706.236 36000706.365
   590: 34000706.416 33000708.996 65000709.074 76000709.074 81000709.074
   595: 34000709.279 33000710.327 35000710.491 36000710.531 34000710.637
   600: 33000710.685 35000710.822 36000711.274 35000711.312 36000711.430
   605: 35000711.688 61000711.714 36000712.133 35000712.151 36000712.216
   610: 34000712.337 33000712.345 35000712.441 36000712.541 35000712.576
   615: 36000712.683 35000712.761 36000712.856 34000712.967 65000713.074
   620: 76000713.074 81000713.074 41000713.566 42000713.903 33000716.625
   625: 35000716.791 36000716.835 35000716.885 36000717.014 65000717.074
   630: 76000717.074 81000717.074 34000717.113 33000717.155 35000717.277
   635: 36000717.466 34000717.546 61000718.384 65000721.074 76000721.074
   640: 81000721.074 41000724.608 61000725.054 43000725.058 65000725.074
   645: 76000725.074 81000725.074 44000725.096 43000725.142 44000725.319
   650: 43000725.552 44000725.583 42000725.674 33000726.197 35000726.406
   655: 36000726.813 35000726.842 36000727.290 35000727.421 36000727.527
   660: 35000727.587 36000727.689 34000727.758 33000727.873 35000727.976
   665: 36000728.085 34000728.600 65000729.074 76000729.074 81000729.074
   670: 33000730.594 35000730.672 36000730.932 35000730.959 36000731.187
   675: 34000731.258 61000731.724 41000731.761 43000732.170 44000732.293
   680: 43000732.338 44000732.394 43000732.444 44000732.488 43000732.584
   685: 44000732.630 42000732.786 41000732.866 43000732.967 44000733.032
   690: 65000733.074 76000733.074 81000733.074 43000733.085 44000733.132
   695: 43000733.211 44000733.408 43000733.499 44000733.539 43000733.612
   700: 44000733.684 43000734.438 44000734.521 42000734.608 65000737.074
   705: 76000737.074 81000737.074 61000738.174 65000741.074 76000741.074
   710: 81000741.074 33000742.255 35000742.398 36000742.877 35000743.272
   715: 36000743.622 34000743.752 61000745.064 65000745.074 76000745.074
   720: 81000745.074 41000745.622 43000746.060 44000746.090 43000746.163
   725: 44000746.200 42000746.307 65000749.074 76000749.074 81000749.074
   730: 61000751.954 33000752.402 35000752.538 36000752.712 35000752.717
   735: 36000752.978 65000753.074 76000753.074 81000753.074 34000753.146
   740: 65000757.074 76000757.074 81000757.074 41000758.596 61000758.844
   745: 42000758.847 41000759.014 43000759.596 44000759.641 43000759.751
   750: 44000759.804 43000759.896 44000759.953 43000760.069 44000760.103
   755: 42000760.258 33000760.774 35000760.907 65000761.074 76000761.074
   760: 81000761.074 36000761.160 35000761.206 36000761.638 34000761.734
   765: 65000765.074 76000765.074 81000765.074 61000765.294 33000767.863
   770: 35000768.024 36000768.389 35000768.408 36000768.863 35000768.869
   775: 36000769.002 35000769.057 65000769.074 76000769.074 81000769.074
   780: 36000769.716 34000769.789 33000769.924 34000770.091 61000771.964
   785: 65000773.074 76000773.074 81000773.074 65000777.074 76000777.074
   790: 81000777.074 33000777.747 35000777.898 36000778.309 35000778.389
   795: 36000778.492 34000778.558 61000778.854 65000781.074 76000781.074
   800: 81000781.074 65000785.074 76000785.074 81000785.074 61000785.084
   805: 41000785.600 43000785.871 44000785.937 43000785.979 44000786.004
   810: 43000786.131 44000786.166 42000786.301 33000786.864 35000786.960
   815: 36000787.263 35000787.322 36000787.817 35000787.820 36000788.094
   820: 35000788.184 36000788.407 35000788.537 36000788.652 35000788.744
   825: 36000788.812 65000789.074 76000789.074 81000789.074 35000789.396
   830: 36000789.929 35000790.309 36000790.427 35000790.502 36000790.664
   835: 35000790.838 36000790.953 35000791.235 36000791.305 34000791.415
   840: 61000792.094 65000793.074 76000793.074 81000793.074 41000795.790
   845: 43000796.205 44000796.245 43000796.380 44000796.430 43000796.488
   850: 44000796.563 43000796.720 44000796.756 42000796.950 65000797.074
   855: 76000797.074 81000797.074 33000797.469 35000797.776 36000798.028
   860: 35000798.219 61000798.324 36000798.328 34000798.450 65000801.074
   865: 76000801.074 81000801.074 65000805.074 76000805.074 81000805.074
   870: 61000805.334 65000809.074 76000809.074 81000809.074 63000809.171
   875:  3000809.171  4000809.673 33000811.746 35000811.830 61000812.344
   880: 36000812.363 35000812.385 36000812.510 34000812.610 33000812.875
   885: 35000813.030 65000813.074 76000813.074 81000813.074 36000813.332
   890: 35000813.351 36000813.424 35000813.734 36000813.898 34000813.964
   895: 41000814.721 42000814.926 41000815.832 42000816.096 65000817.074
   900: 76000817.074 81000817.074 61000819.354 65000821.074 76000821.074
   905: 81000821.074 63000821.177  3000821.177  4000821.679 33000822.754
   910: 35000822.898 36000823.367 35000823.369 36000823.378 34000823.471
   915: 65000825.074 76000825.074 81000825.074 61000826.024 65000829.074
   920: 76000829.074 81000829.074 63000831.182  3000831.182  4000831.684
   925: 61000832.254 65000833.074 76000833.074 81000833.074 41000833.738
   930: 43000834.325 44000834.361 43000834.479 44000834.532 43000834.552
   935: 44000834.793 43000834.834 44000834.880 42000835.245 41000835.255
   940: 43000835.545 44000835.742 43000835.771 44000835.915 43000835.940
   945: 44000836.008 42000836.117 33000836.676 35000836.777 65000837.074
   950: 76000837.074 81000837.074 36000837.345 35000837.352 36000838.135
   955: 35000838.194 61000838.704 36000838.768 34000838.869 65000841.074
   960: 76000841.074 81000841.074 65000845.074 76000845.074 81000845.074
   965: 61000845.594 65000849.074 76000849.074 81000849.074 63000849.191
   970:  3000849.191  4000849.693 33000851.576 35000851.711 61000851.824
   975: 36000852.090 35000852.115 36000852.377 35000852.549 27000852.549
   980: 28000852.559 65000853.074 76000853.074 81000853.074 36000853.710
   985: 35000853.749 27000853.749 28000853.759 36000854.894 35000854.923
   990: 27000854.923 28000854.933 36000855.519 34000855.719 33000856.120
   995: 35000856.254 36000856.954 65000857.074 76000857.074 81000857.074
  1000: 34000857.162 33000857.596 35000857.994 36000858.036 61000858.494
  1005: 35000859.877 36000860.612 35000860.639 36000860.811 35000860.906
  1010: 36000861.008 65000861.074 76000861.074 81000861.074 35000861.075
  1015: 36000861.111 35000861.131 36000861.233 35000861.274 36000861.617
  1020: 35000861.627 36000861.725 35000861.791 36000861.856 35000862.170
  1025: 36000862.929 35000863.287 36000863.448 34000864.004 33000864.123
  1030: 35000864.280 36000864.328 35000864.338 36000864.504 35000864.543
  1035: 36000864.781 34000864.831 65000865.074 76000865.074 81000865.074
  1040: 61000865.504 33000865.635 35000865.915 36000866.231 35000866.428
  1045: 36000866.496 35000866.675 36000866.899 35000866.953 36000867.700
  1050: 35000868.099 36000868.247 35000868.397 36000868.600 35000868.922
  1055: 36000869.065 35000869.073 65000869.074 76000869.074 81000869.074
  1060: 36000869.354 35000869.399 36000869.631 35000869.655 36000870.190
  1065: 35000870.306 36000870.423 35000870.818 36000870.888 34000870.932
  1070: 33000870.980 35000871.032 36000871.138 35000871.351 61000871.954
  1075: 36000871.966 35000872.022 36000872.397 34000872.458 33000872.468
  1080: 35000872.544 36000872.655 34000872.709 33000872.879 35000873.014
  1085: 65000873.074 76000873.074 81000873.074 36000873.128 34000873.175
  1090: 33000873.274 34000873.514 33000873.581 34000873.622 33000873.660
  1095: 35000874.584 36000874.806 34000874.868 33000875.444 35000875.938
  1100: 36000876.096 35000876.424 36000876.491 65000877.074 76000877.074
  1105: 81000877.074 35000877.324 36000877.730 34000877.817 41000878.397
  1110: 43000878.752 44000878.804 43000878.907 44000878.938 61000878.964
  1115: 43000879.020 44000879.060 43000879.221 44000879.268 43000879.656
  1120: 44000879.722 43000879.774 44000879.850 43000879.895 44000879.950
  1125: 43000880.130 44000880.174 43000880.305 44000880.333 43000880.506
  1130: 44000880.539 43000880.559 44000880.571 43000880.597 44000880.739
  1135: 43000880.805 44000880.858 65000881.074 76000881.074 81000881.074
  1140: 43000881.236 44000881.267 43000881.605 44000881.740 43000882.022
  1145: 44000882.058 42000882.194 33000882.630 35000882.862 36000883.141
  1150: 35000883.215 36000883.254 34000883.282 33000883.319 35000883.927
  1155: 36000883.972 35000884.008 36000884.056 35000884.423 65000885.074
  1160: 76000885.074 81000885.074 61000885.194 36000885.406 35000885.483
  1165: 36000886.028 35000886.561 36000886.762 35000886.948 36000887.324
  1170: 35000887.477 36000887.582 35000887.629 36000887.815 35000887.901
  1175: 36000888.183 35000888.231 36000888.676 34000888.730 65000889.074
  1180: 76000889.074 81000889.074 41000889.266 43000889.586 44000889.648
  1185: 43000889.751 44000889.798 43000889.953 44000889.997 43000890.113
  1190: 44000890.216 43000890.669 44000890.687 43000890.690 44000890.717
  1195: 43000890.775 44000890.946 42000891.289 33000891.710 61000891.864
  1200: 34000891.872 33000892.114 35000892.282 36000892.314 35000892.331
  1205: 36000892.732 35000892.804 65000893.074 76000893.074 81000893.074
  1210: 36000893.221 35000893.288 36000893.619 35000893.733 36000893.839
  1215: 35000894.885 36000895.076 35000895.392 36000895.518 35000895.757
  1220: 36000895.860 34000895.929 33000895.978 35000896.108 36000896.151
  1225: 35000896.165 36000896.261 34000896.313 33000896.403 35000896.493
  1230: 36000896.538 35000896.770 36000896.877 35000896.947 65000897.074
  1235: 76000897.074 81000897.074 36000897.134 34000897.678 33000897.801
  1240: 35000898.457 61000898.534 36000898.633 34000898.692 41000899.227
  1245: 43000899.544 44000899.586 43000899.736 44000899.779 43000899.869
  1250: 44000899.905 43000900.049 44000900.194 43000900.591 44000900.620
  1255: 43000900.708 44000900.762 43000900.973 44000901.013 65000901.074
  1260: 76000901.074 81000901.074 42000902.272 41000902.307 43000902.530
  1265: 44000902.601 43000903.006 44000903.057 42000904.172 41000904.188
  1270: 43000904.754 44000904.787 42000904.859 65000905.074 76000905.074
  1275: 81000905.074 33000905.378 61000905.544 35000905.572 36000905.681
  1280: 34000905.783 33000905.864 34000905.940 33000905.972 34000906.153
  1285: 33000906.214 35000906.405 36000907.153 35000907.477 36000907.699
  1290: 35000908.722 36000908.794 35000908.863 36000908.967 35000909.035
  1295: 65000909.074 76000909.074 81000909.074 36000909.242 35000909.441
  1300: 36000909.885 35000910.214 36000910.238 35000910.252 36000910.363
  1305: 35000910.381 36000910.514 35000910.539 36000910.600 35000910.626
  1310: 36000910.862 35000910.917 36000910.982 34000911.051 33000911.146
  1315: 35000911.356 36000911.412 34000911.461 41000912.004 43000912.500
  1320: 61000912.554 44000912.591 43000912.601 44000912.649 43000912.780
  1325: 44000912.825 43000912.912 44000912.961 65000913.074 76000913.074
  1330: 81000913.074 43000913.241 44000913.437 43000913.476 44000913.531
  1335: 43000913.603 44000913.659 43000913.753 44000913.793 43000913.845
  1340: 44000913.866 43000913.917 44000913.962 43000914.011 44000914.118
  1345: 43000914.610 44000914.643 43000914.648 44000914.680 43000914.994
  1350: 44000915.015 43000915.056 44000915.165 42000915.404 33000915.912
  1355: 34000916.066 33000916.228 35000916.492 36000916.840 35000916.847
  1360: 65000917.074 76000917.074 81000917.074 36000917.423 35000917.466
  1365: 36000917.577 35000917.647 36000917.745 34000917.914 33000917.994
  1370: 35000918.094 36000918.223 34000918.326 33000918.438 34000918.557
  1375: 61000919.444 65000921.074 76000921.074 81000921.074 33000921.536
  1380: 35000921.746 36000922.049 35000922.077 36000922.320 35000922.396
  1385: 36000922.417 35000922.447 36000922.669 34000922.731 65000925.074
  1390: 76000925.074 81000925.074 61000926.454 65000929.074 76000929.074
  1395: 81000929.074 61000932.904 33000932.940 65000933.074 76000933.074
  1400: 81000933.074 35000933.126 36000933.578 35000933.672 36000933.822
  1405: 35000933.885 36000933.958 35000934.621 36000934.914 35000934.971
  1410: 36000935.104 34000935.795 33000935.796 34000936.030 33000936.034
  1415: 35000936.788 36000936.961 65000937.074 76000937.074 81000937.074
  1420: 35000937.193 36000937.313 35000937.349 36000937.715 34000937.787
  1425: 41000938.334 43000938.668 44000938.703 43000938.885 44000938.931
  1430: 43000939.020 44000939.066 61000939.134 42000939.142 65000941.074
  1435: 76000941.074 81000941.074 41000941.173 43000941.462 44000941.519
  1440: 43000941.569 44000941.649 43000941.706 44000941.745 43000941.858
  1445: 44000941.881 43000941.900 44000941.993 43000942.015 44000942.076
  1450: 42000942.346 41000944.797 65000945.074 76000945.074 81000945.074
  1455: 43000945.193 44000945.228 43000945.260 44000945.282 43000945.319
  1460: 44000945.352 42000945.678 61000946.144 33000946.241 35000946.397
  1465: 36000946.758 34000946.924 33000946.978 35000947.532 36000947.550
  1470: 35000947.564 36000947.879 35000948.061 36000948.176 34000948.217
  1475: 65000949.074 76000949.074 81000949.074 61000952.594 65000953.074
  1480: 76000953.074 81000953.074 33000954.788 35000954.836 36000955.751
  1485: 35000955.810 36000955.971 35000956.381 36000956.590 35000956.881
  1490: 36000957.003 35000957.009 65000957.074 76000957.074 81000957.074
  1495: 36000957.115 34000957.222 33000957.316 35000957.457 36000957.567
  1500: 34000957.720 61000959.604 65000961.074 76000961.074 81000961.074
  1505: 41000961.946 43000962.321 44000962.356 43000962.755 44000962.776
  1510: 43000962.971 44000963.013 42000963.094 33000963.642 35000963.784
  1515: 36000963.819 35000963.847 36000964.027 35000964.062 36000964.135
  1520: 34000964.153 33000964.207 65000965.074 76000965.074 81000965.074
  1525: 35000965.176 36000965.530 35000965.542 36000966.084 35000966.104
  1530: 36000966.336 35000966.375 61000966.494 36000966.507 35000966.530
  1535: 36000966.652 35000967.601 36000967.632 35000967.643 36000967.663
  1540: 35000968.250 36000968.618 35000968.625 36000968.835 35000968.901
  1545: 36000969.024 65000969.074 76000969.074 81000969.074 35000969.309
  1550: 36000969.392 35000969.495 36000969.786 35000969.940 36000970.071
  1555: 35000970.139 36000970.908 35000971.656 36000971.793 35000971.871
  1560: 36000972.101 35000972.150 36000972.320 35000972.456 36000972.553
  1565: 34000972.617 65000973.074 76000973.074 81000973.074 61000973.504
  1570: 33000975.389 35000975.491 36000976.076 34000976.372 33000976.418
  1575: 35000976.489 36000976.597 34000976.722 65000977.074 76000977.074
  1580: 81000977.074 41000977.325 43000977.814 44000977.861 43000977.975
  1585: 44000978.017 43000978.104 44000978.164 43000978.435 44000978.460
  1590: 43000978.535 44000978.669 43000978.704 44000978.756 42000979.228
  1595: 41000979.273 42000979.607 33000980.128 61000980.174 34000980.421
  1600: 33000980.684 35000980.902 65000981.074 76000981.074 81000981.074
  1605: 36000981.636 35000981.691 36000981.769 35000981.837 36000982.096
  1610: 34000982.156 33000984.661 35000984.708 36000984.732 35000984.775
  1615: 36000985.008 34000985.044 65000985.074 76000985.074 81000985.074
  1620: 33000985.158 34000985.359 33000985.387 35000985.543 36000985.736
  1625: 34000985.847 33000987.136 61000987.184 35000987.363 36000987.687
  1630: 35000987.945 36000987.961 34000988.043 65000989.074 76000989.074
  1635: 81000989.074 33000991.471 35000991.653 36000992.090 35000992.131
  1640: 65000993.074 76000993.074 81000993.074 36000993.084 35000993.134
  1645: 36000993.398 35000993.460 61000993.634 36000993.653 35000994.178
  1650: 36000994.403 35000995.271 36000996.002 35000996.047 36000996.184
  1655: 35000996.244 36000996.286 35000996.467 36000996.588 34000996.722
  1660: 33000996.879 65000997.074 76000997.074 81000997.074 34000997.222
  1665: 33000997.621 34000997.808 33000999.496 35000999.697 36000999.969
  1670: 35001000.037 61001000.084 36001000.378 34001000.415 41001000.975
  1675: 65001001.074 76001001.074 81001001.074 43001001.361 44001001.427
  1680: 43001001.496 44001001.612 43001001.652 44001001.728 43001001.830
  1685: 44001001.866 43001002.278 44001002.338 43001002.423 44001002.482
  1690: 43001002.568 44001002.666 43001002.668 44001002.741 43001002.942
  1695: 44001003.000 43001003.075 44001003.118 43001003.150 44001003.246
  1700: 43001003.943 44001004.013 42001004.969 41001005.040 65001005.074
  1705: 76001005.074 81001005.074 42001005.256 33001005.725 35001006.188
  1710: 36001006.549 34001006.593 61001007.094 33001007.949 35001008.115
  1715: 36001008.324 35001008.368 36001008.420 34001008.542 33001008.590
  1720: 35001008.647 36001008.769 35001008.822 36001008.989 34001009.037
  1725: 65001009.074 76001009.074 81001009.074 41001009.549 43001010.081
  1730: 44001010.139 43001010.368 44001010.421 42001010.878 33001011.559
  1735: 34001011.931 33001012.080 34001012.216 33001012.264 34001012.460
  1740: 33001012.509 35001012.744 36001012.796 35001012.805 65001013.074
  1745: 76001013.074 81001013.074 36001013.209 34001013.264 61001013.324
  1750: 33001015.102 34001015.118 33001015.134 34001015.264 65001017.074
  1755: 76001017.074 81001017.074 61001020.214 65001021.074 76001021.074
  1760: 81001021.074 41001022.814 43001023.176 44001023.210 43001023.312
  1765: 44001023.334 43001023.418 44001023.446 42001023.645 33001024.217
  1770: 35001024.345 36001024.656 35001024.668 36001024.884 34001024.921
  1775: 65001025.074 76001025.074 81001025.074 33001025.177 34001025.469
  1780: 33001025.519 34001025.623 33001025.765 35001025.982 36001026.304
  1785: 34001026.426 33001026.442 61001026.664 35001027.537 36001027.739
  1790: 34001027.785 65001029.074 76001029.074 81001029.074 33001030.409
  1795: 35001030.598 36001030.952 35001030.973 36001031.192 34001031.317
  1800: 33001031.374 35001031.469 36001031.570 35001031.633 36001031.902
  1805: 35001031.920 36001031.995 34001032.065 61001032.894 65001033.074
  1810: 76001033.074 81001033.074 41001035.737 43001036.184 44001036.219
  1815: 43001036.318 44001036.348 42001036.570 41001036.741 65001037.074
  1820: 76001037.074 81001037.074 43001037.121 44001037.157 43001037.196
  1825: 44001037.217 42001037.336 33001037.906 35001038.114 36001038.509
  1830: 35001038.523 36001038.720 35001038.896 36001039.200 35001039.329
  1835: 61001039.344 36001039.536 34001039.608 65001041.074 76001041.074
  1840: 81001041.074 33001041.219 34001041.234 33001041.236 34001041.253
  1845: 33001041.254 35001041.337 36001041.360 35001041.421 36001041.547
  1850: 35001041.558 36001041.616 35001041.619 36001041.666 35001041.751
  1855: 36001041.932 35001042.048 36001042.235 34001042.283 33001044.975
  1860: 65001045.074 76001045.074 81001045.074 35001045.182 36001045.415
  1865: 34001045.522 61001046.014 41001048.390 43001048.619 44001048.652
  1870: 43001048.738 44001048.769 65001049.074 76001049.074 81001049.074
  1875: 43001049.077 44001049.114 42001049.320 33001049.849 35001050.016
  1880: 36001050.517 35001050.550 36001050.638 34001050.661 33001050.711
  1885: 35001051.268 36001051.421 35001051.630 36001052.020 34001052.061
  1890: 61001052.244 65001053.074 76001053.074 81001053.074 65001057.074
  1895: 76001057.074 81001057.074 61001059.134 65001061.074 76001061.074
  1900: 81001061.074 41001061.467 43001061.735 44001061.754 43001061.852
  1905: 44001061.886 43001063.087 44001063.125 42001063.900 33001064.407
  1910: 35001064.593 36001064.992 35001065.000 65001065.074 76001065.074
  1915: 81001065.074 36001065.507 35001065.510 61001065.584 36001065.677
  1920: 35001065.732 36001065.836 34001065.897 33001065.959 35001067.394
  1925: 36001067.761 34001067.874 33001067.935 35001068.314 36001068.630
  1930: 34001068.723 65001069.074 76001069.074 81001069.074 41001071.894
  1935: 61001072.034 42001072.627 65001073.074 76001073.074 81001073.074
  1940: 33001073.153 35001073.294 36001073.371 35001073.388 36001073.545
  1945: 35001073.582 36001074.073 34001074.126 65001077.074 76001077.074
  1950: 81001077.074 61001078.484 65001081.074 76001081.074 81001081.074
  1955: 33001082.585 35001082.736 36001083.141 35001083.171 36001083.720
  1960: 34001083.862 33001083.880 34001084.098 33001084.306 35001084.438
  1965: 36001084.574 35001084.641 36001084.680 35001084.762 36001084.797
  1970: 34001084.871 33001084.878 34001084.921 61001084.934 65001085.074
  1975: 76001085.074 81001085.074 65001089.074 76001089.074 81001089.074
  1980: 61001091.944 41001092.090 43001092.454 44001092.471 43001092.569
  1985: 44001092.598 42001092.929 65001093.074 76001093.074 81001093.074
  1990: 33001093.466 35001093.739 36001093.929 35001093.965 36001094.182
  1995: 34001094.242 65001097.074 76001097.074 81001097.074 61001098.954
  2000: 41001101.032 65001101.074 76001101.074 81001101.074 43001101.480
  2005: 44001101.506 43001101.705 44001101.777 43001101.820 44001101.842
  2010: 43001101.992 44001102.038 43001102.162 44001102.197 42001102.344
  2015: 33001102.929 35001103.097 36001103.153 35001103.383 36001103.744
  2020: 34001103.977 65001105.074 76001105.074 81001105.074 61001105.404
  2025: 33001106.162 35001106.445 36001106.646 35001106.698 36001106.816
  2030: 35001106.848 36001106.885 34001106.954 33001107.286 35001107.538
  2035: 36001108.065 35001108.103 36001108.211 34001108.279 65001109.074
  2040: 76001109.074 81001109.074 61001112.414 65001113.074 76001113.074
  2045: 81001113.074 33001114.156 35001114.380 36001114.755 35001114.767
  2050: 36001115.328 34001115.414 65001117.074 76001117.074 81001117.074
  2055: 33001117.767 35001117.997 36001118.015 34001118.179 61001119.304
  2060: 65001121.074 76001121.074 81001121.074 65001125.074 76001125.074
  2065: 81001125.074 33001125.221 35001125.386 36001125.837 35001125.866
  2070: 36001126.066 34001126.129 61001126.314 65001129.074 76001129.074
  2075: 81001129.074 33001130.517 35001130.950 36001131.390 35001131.456
  2080: 36001131.624 34001131.682 61001132.984 65001133.074 76001133.074
  2085: 81001133.074 65001137.074 76001137.074 81001137.074 61001139.874
  2090: 65001141.074 76001141.074 81001141.074 41001141.560 43001142.211
  2095: 44001142.253 43001142.270 44001142.330 43001142.366 44001142.418
  2100: 43001142.618 44001142.655 42001142.808 33001143.383 35001143.569
  2105: 36001144.225 34001144.327 65001145.074 76001145.074 81001145.074
  2110: 61001146.764 33001147.176 35001147.383 36001147.677 35001147.678
  2115: 36001147.948 35001147.964 36001149.005 65001149.074 76001149.074
  2120: 81001149.074 34001149.179 65001153.074 76001153.074 81001153.074
  2125: 61001153.214 33001154.491 35001154.667 36001155.139 34001155.204
  2130: 41001156.257 43001156.564 44001156.613 43001156.638 44001156.861
  2135: 43001156.939 44001157.037 65001157.074 76001157.074 81001157.074
  2140: 43001157.260 44001157.308 43001157.383 44001157.400 43001157.443
  2145: 44001157.474 42001157.686 41001157.748 42001157.812 41001157.934
  2150: 42001158.150 41001158.153 43001158.883 44001158.936 43001158.996
  2155: 44001159.127 43001159.131 44001159.179 43001159.270 44001159.288
  2160: 43001159.375 44001159.533 43001159.643 61001159.664 44001159.683
  2165: 43001159.759 44001159.836 43001159.980 44001160.173 42001160.224
  2170: 41001160.281 65001161.074 76001161.074 81001161.074 42001161.098
  2175: 41001163.574 43001164.270 44001164.290 43001164.379 44001164.423
  2180: 43001164.477 44001164.583 43001164.617 44001164.672 42001164.767
  2185: 65001165.074 76001165.074 81001165.074 33001165.386 35001165.724
  2190: 36001166.158 34001166.233 61001166.674 65001169.074 76001169.074
  2195: 81001169.074 33001172.400 35001172.648 65001173.074 76001173.074
  2200: 81001173.074 36001173.112 34001173.246 61001173.684 65001177.074
  2205: 76001177.074 81001177.074 61001180.694 65001181.074 76001181.074
  2210: 81001181.074 33001182.116 35001182.290 36001182.523 35001182.531
  2215: 36001182.678 35001182.806 36001182.940 34001183.009 65001185.074
  2220: 76001185.074 81001185.074 33001186.491 35001186.630 36001186.896
  2225: 34001186.979 61001187.364 65001189.074 76001189.074 81001189.074
  2230: 65001193.074 76001193.074 81001193.074 61001193.814 65001197.074
  2235: 76001197.074 81001197.074 63001199.366  3001199.366  4001199.868
  2240: 61001200.264 65001201.074 76001201.074 81001201.074 41001204.680
  2245: 65001205.074 76001205.074 81001205.074 43001205.087 44001205.107
  2250: 43001205.198 44001205.227 43001205.352 44001205.367 42001205.491
  2255: 33001206.316 35001206.548 36001206.764 35001206.835 61001207.274
  2260: 36001207.533 35001207.591 36001207.753 34001207.798 65001209.074
  2265: 76001209.074 81001209.074 65001213.074 76001213.074 81001213.074
  2270: 61001214.284 65001217.074 76001217.074 81001217.074 63001217.375
  2275:  3001217.375  4001217.877 65001221.074 76001221.074 81001221.074
  2280: 61001221.294 33001222.820 35001223.053 36001223.106 35001223.114
  2285: 36001223.206 35001223.216 36001223.727 34001223.882 33001224.082
  2290: 34001224.107 33001224.151 35001224.500 36001224.532 35001224.646
  2295: 36001224.902 34001224.978 65001225.074 76001225.074 81001225.074
  2300: 61001227.744 65001229.074 76001229.074 81001229.074 65001233.074
  2305: 76001233.074 81001233.074 63001233.383  3001233.383  4001233.885
  2310: 61001234.194 65001237.074 76001237.074 81001237.074 61001240.864
  2315: 65001241.074 76001241.074 81001241.074 33001241.747 35001241.992
  2320: 36001242.372 34001242.452 37001243.876 39001244.074 40001244.527
  2325: 38001244.580 65001245.074 76001245.074 81001245.074 41001247.148
  2330: 61001247.754 42001248.089 65001249.074 76001249.074 81001249.074
  2335: 65001253.074 76001253.074 81001253.074 61001254.424 63001255.394
  2340:  3001255.394  4001255.896 65001257.074 76001257.074 81001257.074
  2345: 61001260.654 65001261.074 76001261.074 81001261.074 63001261.397
  2350:  3001261.397  4001261.899 65001265.074 76001265.074 81001265.074
  2355: 61001267.324 33001268.963 65001269.074 76001269.074 81001269.074
  2360: 35001269.198 36001269.440 35001269.801 36001269.983 34001270.097
  2365: 65001273.074 76001273.074 81001273.074 61001274.334 41001275.057
  2370: 42001275.096 41001275.265 42001275.638 41001275.723 43001276.057
  2375: 44001276.095 43001276.280 44001276.353 42001276.557 65001277.074
  2380: 76001277.074 81001277.074 41001279.604 42001279.817 65001281.074
  2385: 76001281.074 81001281.074 61001281.344 37001282.725 38001283.022
  2390: 41001283.779 42001284.001 33001284.639 34001284.660 33001284.663
  2395: 65001285.074 76001285.074 81001285.074 35001285.120 36001285.227
  2400: 34001285.334 61001288.234 65001289.074 76001289.074 81001289.074
  2405: 65001293.074 76001293.074 81001293.074 61001295.124 63001295.414
  2410:  3001295.414  4001295.916 65001297.074 76001297.074 81001297.074
  2415: 65001301.074 76001301.074 81001301.074 61001301.574 33001301.897
  2420: 35001302.203 36001302.395 35001302.399 36001302.440 35001302.524
  2425: 36001302.711 34001302.779 65001305.074 76001305.074 81001305.074
  2430: 33001306.165 34001306.373 61001308.584 65001309.074 76001309.074
  2435: 81001309.074 63001311.422  3001311.422  4001311.924 33001311.991
  2440: 35001312.238 36001312.717 35001312.766 36001312.938 34001313.026
  2445: 65001313.074 76001313.074 81001313.074 61001315.034 65001317.074
  2450: 76001317.074 81001317.074 41001320.519 65001321.074 76001321.074
  2455: 81001321.074 61001321.484 42001321.556 63001323.428  3001323.428
  2460:  4001323.930 65001325.074 76001325.074 81001325.074 61001328.494
  2465: 65001329.074 76001329.074 81001329.074 63001331.432  3001331.432
  2470:  4001331.934 65001333.074 76001333.074 81001333.074 61001334.724
  2475: 65001337.074 76001337.074 81001337.074 33001339.264 63001339.436
  2480:  3001339.436 35001339.630 36001339.872 35001339.901  4001339.938
  2485: 36001339.983 35001339.998 27001339.998 28001340.008 65001341.074
  2490: 76001341.074 81001341.074 36001341.461 35001341.477 27001341.477
  2495: 28001341.487 61001341.614 36001343.014 35001343.115 27001343.115
  2500: 28001343.125 36001343.126 35001343.131 36001344.366 35001344.383
  2505: 36001344.611 35001344.639 36001344.730 35001344.945 65001345.074
  2510: 76001345.074 81001345.074 36001345.569 34001345.643 33001345.994
  2515: 34001346.654 33001346.674 35001346.966 36001347.663 34001347.759
  2520: 33001347.931 61001348.284 35001348.593 36001348.962 35001348.982
  2525: 65001349.074 76001349.074 81001349.074 36001349.274 35001349.305
  2530: 36001351.196 35001352.478 36001352.925 35001352.931 65001353.074
  2535: 76001353.074 81001353.074 36001353.094 35001353.131 36001353.717
  2540: 35001353.758 36001354.077 34001354.197 33001354.238 35001354.397
  2545: 61001354.514 36001354.525 35001354.553 36001354.661 34001354.758
  2550: 33001354.846 35001354.920 36001355.008 34001355.100 33001356.127
  2555: 35001356.419 65001357.074 76001357.074 81001357.074 36001357.630
  2560: 35001357.687 36001357.806 35001357.823 36001357.948 35001358.023
  2565: 36001358.190 35001358.431 36001358.595 35001358.678 36001358.831
  2570: 35001358.883 36001359.057 35001359.168 36001359.214 34001359.303
  2575: 33001359.603 35001359.790 36001359.819 34001359.941 65001361.074
  2580: 76001361.074 81001361.074 61001361.404 41001361.633 43001362.202
  2585: 44001362.241 43001362.310 44001362.419 43001362.469 44001362.515
  2590: 42001363.393 33001363.935 34001364.169 33001364.569 35001364.776
  2595: 36001365.000 35001365.019 65001365.074 76001365.074 81001365.074
  2600: 36001365.466 35001365.741 36001365.947 34001365.986 61001367.634
  2605: 65001369.074 76001369.074 81001369.074 33001371.673 35001372.584
  2610: 36001372.813 35001372.846 65001373.074 76001373.074 81001373.074
  2615: 36001373.337 35001373.371 36001373.578 35001373.900 61001374.084
  2620: 36001374.086 35001374.173 36001374.234 35001374.660 36001375.085
  2625: 35001375.149 36001375.478 35001375.513 36001375.755 35001376.077
  2630: 36001376.370 35001376.374 65001377.074 76001377.074 81001377.074
  2635: 36001377.745 35001378.040 36001378.577 34001378.707 61001380.534
  2640: 65001381.074 76001381.074 81001381.074 33001381.789 35001382.118
  2645: 36001382.435 35001382.993 36001383.193 35001384.645 36001384.782
  2650: 35001384.799 36001384.958 34001385.016 65001385.074 76001385.074
  2655: 81001385.074 41001385.773 43001386.340 44001386.391 43001386.732
  2660: 44001386.756 42001386.935 61001386.984 65001389.074 76001389.074
  2665: 81001389.074 33001391.549 35001391.780 36001392.887 35001392.895
  2670: 36001393.049 65001393.074 76001393.074 81001393.074 35001393.086
  2675: 36001393.153 35001393.165 36001393.373 35001393.374 36001393.381
  2680: 35001393.415 36001393.573 35001393.594 61001393.654 36001394.174
  2685: 35001394.853 36001396.024 35001396.031 36001396.164 35001396.312
  2690: 36001396.575 35001396.642 65001397.074 76001397.074 81001397.074
  2695: 36001397.476 35001397.548 36001397.605 35001398.041 36001398.151
  2700: 34001398.195 33001398.615 35001398.826 36001398.926 34001399.007
  2705: 33001399.079 34001399.247 33001399.250 35001399.400 36001399.454
  2710: 35001399.709 36001399.948 34001400.043 33001400.150 35001400.262
  2715: 36001400.329 35001400.357 61001400.544 36001400.569 34001400.617
  2720: 65001401.074 76001401.074 81001401.074 41001401.623 43001401.971
  2725: 44001402.011 43001402.231 44001402.310 43001402.370 44001402.419
  2730: 43001402.492 44001402.586 43001402.623 44001402.660 43001402.800
  2735: 44001402.852 43001402.938 44001403.000 43001403.108 44001403.149
  2740: 42001403.246 33001403.808 34001404.163 33001404.289 34001404.334
  2745: 33001404.408 35001404.628 65001405.074 76001405.074 81001405.074
  2750: 36001405.620 34001405.715 61001407.554 65001409.074 76001409.074
  2755: 81001409.074 33001410.569 35001410.902 36001411.152 34001411.267
  2760: 33001411.498 35001411.815 36001411.963 35001412.205 36001412.310
  2765: 34001412.382 65001413.074 76001413.074 81001413.074 61001414.444
  2770: 65001417.074 76001417.074 81001417.074 65001421.074 76001421.074
  2775: 81001421.074 61001421.334 33001423.757 35001423.973 36001424.411
  2780: 35001424.446 36001424.700 35001424.715 65001425.074 76001425.074
  2785: 81001425.074 36001425.363 35001425.716 36001425.835 35001425.999
  2790: 36001426.097 34001426.260 33001426.315 35001426.723 36001427.150
  2795: 35001427.318 36001427.455 34001427.530 61001427.564 33001428.680
  2800: 34001428.935 65001429.074 76001429.074 81001429.074 65001433.074
  2805: 76001433.074 81001433.074 61001434.454 65001437.074 76001437.074
  2810: 81001437.074 41001438.843 43001439.172 44001439.194 43001439.285
  2815: 44001439.319 43001439.524 44001439.553 43001439.562 44001439.674
  2820: 42001439.941 33001440.531 61001440.684 35001440.699 36001441.038
  2825: 35001441.059 65001441.074 76001441.074 81001441.074 36001441.843
  2830: 35001441.851 36001442.248 35001442.268 36001442.699 34001442.774
  2835: 33001443.043 34001443.405 33001443.429 35001443.648 36001444.252
  2840: 34001444.364 33001444.870 34001445.005 33001445.039 65001445.074
  2845: 76001445.074 81001445.074 35001445.464 36001445.489 35001445.751
  2850: 36001445.982 35001445.985 36001446.834 61001446.914 34001447.122
  2855: 33001448.993 34001449.021 65001449.074 76001449.074 81001449.074
  2860: 65001453.074 76001453.074 81001453.074 61001453.924 65001457.074
  2865: 76001457.074 81001457.074 63001459.496  3001459.496  4001459.998
  2870: 33001460.076 61001460.154 35001460.267 36001460.599 35001460.638
  2875: 65001461.074 76001461.074 81001461.074 36001461.300 35001461.415
  2880: 27001461.415 28001461.425 36001462.267 35001462.290 27001462.290
  2885: 28001462.300 36001463.092 35001463.118 27001463.118 28001463.128
  2890: 36001464.386 35001464.430 36001464.634 35001464.692 65001465.074
  2895: 76001465.074 81001465.074 36001465.435 34001465.537 33001465.749
  2900: 34001465.771 33001465.776 61001466.384 34001466.408 33001466.415
  2905: 34001466.438 33001466.449 35001467.062 36001467.317 35001467.372
  2910: 36001467.817 35001467.870 36001467.993 35001468.034 36001468.659
  2915: 35001468.734 36001468.848 35001468.865 36001468.999 65001469.074
  2920: 76001469.074 81001469.074 34001469.181 33001469.253 35001469.923
  2925: 36001470.033 35001470.110 36001470.213 34001470.266 61001473.054
  2930: 65001473.074 76001473.074 81001473.074 41001474.581 43001475.247
  2935: 44001475.274 43001475.329 44001475.377 43001475.553 44001475.591
  2940: 42001475.820 41001475.918 42001475.931 33001476.602 35001476.702
  2945: 36001476.728 34001476.787 33001476.935 65001477.074 76001477.074
  2950: 81001477.074 35001477.131 36001479.241 35001479.361 36001479.469
  2955: 35001479.515 36001479.575 35001479.695 36001479.712 61001479.724
  2960: 35001479.750 36001480.039 35001480.112 36001480.219 34001480.348
  2965: 65001481.074 76001481.074 81001481.074 33001483.867 35001484.061
  2970: 36001484.992 35001485.017 65001485.074 76001485.074 81001485.074
  2975: 36001485.078 35001485.146 36001485.158 35001485.164 36001485.382
  2980: 35001485.437 36001485.542 35001485.889 61001486.174 36001487.006
  2985: 34001487.054 65001489.074 76001489.074 81001489.074 33001490.581
  2990: 35001490.817 36001491.055 35001491.086 36001492.044 35001492.058
  2995: 36001492.073 35001492.095 36001492.144 35001492.226 36001492.237
  3000: 35001492.328 36001492.665 35001492.713 36001492.946 35001492.985
  3005: 36001493.053 61001493.064 65001493.074 76001493.074 81001493.074
  3010: 35001493.471 36001494.555 34001494.708 33001494.712 35001494.826
  3015: 36001494.909 35001494.934 36001495.012 34001495.065 33001495.194
  3020: 35001495.281 36001495.322 34001495.381 65001497.074 76001497.074
  3025: 81001497.074 61001499.734 65001501.074 76001501.074 81001501.074
  3030: 63001503.518  3001503.518  4001504.020 65001505.074 76001505.074
  3035: 81001505.074 33001506.115 35001506.328 61001506.744 36001506.782
  3040: 35001506.821 36001507.076 35001507.087 27001507.087 28001507.097
  3045: 36001508.732 35001508.737 27001508.737 28001508.747 65001509.074
  3050: 76001509.074 81001509.074 36001510.105 35001510.139 27001510.139
  3055: 28001510.149 36001511.664 35001511.693 36001511.833 35001511.835
  3060: 36001511.895 35001511.983 36001512.551 35001512.614 36001512.780
  3065: 35001512.922 65001513.074 76001513.074 81001513.074 61001513.194
  3070: 36001513.774 35001513.818 36001513.943 35001513.945 36001514.090
  3075: 34001514.243 33001514.521 34001515.564 33001515.576 34001515.832
  3080: 33001516.001 34001516.110 33001516.229 34001516.245 65001517.074
  3085: 76001517.074 81001517.074 63001517.525  3001517.525 33001517.847
  3090:  4001518.027 35001518.124 36001519.163 35001519.171 61001519.864
  3095: 36001520.169 35001520.204 27001520.204 28001520.214 65001521.074
  3100: 76001521.074 81001521.074 36001521.149 35001521.171 27001521.171
  3105: 28001521.181 36001522.507 35001522.550 27001522.550 28001522.560
  3110: 36001523.676 35001523.727 36001523.851 35001523.926 36001524.133
  3115: 35001524.177 36001524.283 35001524.484 36001525.069 65001525.074
  3120: 76001525.074 81001525.074 34001525.162 33001525.385 61001526.094
  3125: 34001526.123 33001526.735 35001526.965 36001527.817 35001527.839
  3130: 36001527.983 35001528.096 36001528.510 35001528.587 36001528.768
  3135: 35001528.783 36001528.914 35001528.978 65001529.074 76001529.074
  3140: 81001529.074 36001529.551 35001529.854 36001530.096 34001530.250
  3145: 33001530.319 34001531.100 33001531.112 34001531.234 33001531.259
  3150: 35001531.431 36001531.594 35001531.613 36001532.076 35001532.109
  3155: 36001532.192 35001532.291 61001532.324 36001532.394 35001532.414
  3160: 36001532.553 35001532.563 36001532.673 65001533.074 76001533.074
  3165: 81001533.074 35001533.130 36001533.296 35001533.898 36001534.004
  3170: 35001534.484 36001535.013 35001535.066 36001535.156 35001535.198
  3175: 36001536.151 35001536.350 36001536.769 65001537.074 76001537.074
  3180: 81001537.074 34001537.157 33001537.178 35001537.305 36001537.351
  3185: 34001537.443 33001537.857 34001538.019 41001538.884 61001539.334
  3190: 43001539.522 44001539.595 43001539.660 44001539.742 43001539.843
  3195: 44001539.889 42001540.067 33001540.568 34001540.725 33001540.878
  3200: 35001541.069 65001541.074 76001541.074 81001541.074 36001541.944
  3205: 35001542.284 36001542.690 35001542.726 36001542.843 35001542.997
  3210: 36001543.074 35001543.373 36001543.475 34001543.561 33001543.684
  3215: 35001544.074 36001544.245 35001544.287 36001544.466 35001544.569
  3220: 36001544.676 34001544.747 33001544.855 65001545.074 76001545.074
  3225: 81001545.074 35001545.221 36001545.632 35001545.678 36001545.805
  3230: 35001545.952 36001546.062 35001546.138 36001546.211 61001546.224
  3235: 34001546.262 33001546.383 35001546.524 36001546.634 34001546.689
  3240: 33001546.797 35001546.938 36001546.982 34001547.056 41001547.715
  3245: 43001548.043 44001548.061 42001548.570 33001549.061 65001549.074
  3250: 76001549.074 81001549.074 34001549.333 33001552.877 61001552.894
  3255: 65001553.074 76001553.074 81001553.074 35001553.157 36001553.702
  3260: 35001553.728 36001553.781 35001553.823 36001554.005 35001554.055
  3265: 36001554.065 35001554.144 36001554.226 35001554.520 36001555.268
  3270: 35001555.800 36001556.170 35001556.186 36001556.643 35001556.681
  3275: 36001556.800 35001556.897 36001556.937 34001557.056 65001557.074
  3280: 76001557.074 81001557.074 33001557.096 35001557.317 36001557.504
  3285: 35001557.819 36001557.888 35001558.505 36001559.019 34001559.128
  3290: 33001559.217 61001559.344 35001559.388 36001559.421 34001559.474
  3295: 65001561.074 76001561.074 81001561.074 65001565.074 76001565.074
  3300: 81001565.074 41001565.712 61001566.014 42001566.471 41001566.549
  3305: 42001567.124 33001567.598 35001567.808 36001568.018 35001568.023
  3310: 36001568.190 35001568.210 36001568.790 35001568.829 36001568.894
  3315: 35001568.929 65001569.074 76001569.074 81001569.074 36001569.202
  3320: 35001569.272 36001569.517 35001570.016 36001570.303 35001570.372
  3325: 36001570.544 35001570.577 36001570.789 35001570.967 36001571.227
  3330: 35001571.248 36001571.439 34001572.102 33001572.185 35001572.357
  3335: 36001572.434 34001572.574 33001572.640 34001572.702 33001572.778
  3340: 34001572.813 33001572.890 61001573.024 65001573.074 76001573.074
  3345: 81001573.074 34001573.282 33001573.290 35001573.538 36001573.664
  3350: 35001573.705 36001573.941 35001573.943 36001574.100 35001574.141
  3355: 36001574.238 34001574.333 33001575.690 35001575.735 36001575.760
  3360: 35001575.939 36001576.081 35001576.098 36001576.219 35001576.237
  3365: 36001576.829 65001577.074 76001577.074 81001577.074 34001577.224
  3370: 33001579.751 35001579.993 61001580.034 36001580.315 35001580.364
  3375: 36001580.713 35001580.754 36001580.969 35001581.011 36001581.047
  3380: 65001581.074 76001581.074 81001581.074 34001581.148 65001585.074
  3385: 76001585.074 81001585.074 61001587.044 33001587.311 35001587.530
  3390: 36001587.800 35001587.835 36001588.014 35001588.045 36001588.717
  3395: 35001588.766 65001589.074 76001589.074 81001589.074 36001589.129
  3400: 35001589.181 36001589.306 35001589.349 36001589.659 35001589.785
  3405: 36001589.876 35001589.897 36001589.993 34001590.081 33001590.134
  3410: 34001590.386 33001590.488 34001590.716 33001590.837 35001591.191
  3415: 36001591.238 35001591.345 36001591.944 34001592.004 65001593.074
  3420: 76001593.074 81001593.074 61001593.274 41001595.429 42001595.749
  3425: 41001595.768 43001595.877 44001595.902 43001596.121 44001596.194
  3430: 43001596.431 44001596.471 42001596.610 33001597.060 65001597.074
  3435: 76001597.074 81001597.074 35001597.336 36001597.368 34001597.401
  3440: 33001597.544 35001597.819 36001598.037 35001598.076 36001598.277
  3445: 35001598.295 36001598.920 34001598.967 61001600.164 65001601.074
  3450: 76001601.074 81001601.074 65001605.074 76001605.074 81001605.074
  3455: 33001605.578 35001605.781 36001605.970 35001606.034 36001606.258
  3460: 35001606.272 61001606.834 36001607.091 34001607.198 33001607.233
  3465: 34001607.267 33001607.293 35001607.564 36001608.063 35001608.371
  3470: 36001608.498 35001608.702 36001608.783 34001608.840 65001609.074
  3475: 76001609.074 81001609.074 41001611.755 43001612.117 44001612.179
  3480: 42001612.541 61001613.064 65001613.074 76001613.074 81001613.074
  3485: 33001615.787 35001616.033 36001616.236 35001616.255 36001616.545
  3490: 35001616.561 65001617.074 76001617.074 81001617.074 36001617.294
  3495: 35001617.371 36001617.448 34001617.523 61001619.514 65001621.074
  3500: 76001621.074 81001621.074 33001624.877 65001625.074 76001625.074
  3505: 81001625.074 35001625.199 36001625.435 35001625.460 36001625.658
  3510: 35001625.663 61001625.744 36001626.280 35001626.290 36001626.317
  3515: 35001626.354 36001626.411 35001626.551 36001626.624 35001626.717
  3520: 36001627.131 35001627.199 36001627.278 34001627.418 33001627.444
  3525: 34001627.500 33001627.505 35001627.777 36001628.025 34001628.063
  3530: 65001629.074 76001629.074 81001629.074 61001632.754 65001633.074
  3535: 76001633.074 81001633.074 33001635.887 35001636.175 36001636.216
  3540: 35001636.242 36001636.338 35001636.632 36001636.792 35001636.916
  3545: 65001637.074 76001637.074 81001637.074 36001637.157 35001637.205
  3550: 36001637.349 35001637.365 36001638.162 34001638.380 33001638.504
  3555: 34001638.643 33001638.704 35001638.900 36001639.110 34001639.208
  3560: 61001639.764 65001641.074 76001641.074 81001641.074 65001645.074
  3565: 76001645.074 81001645.074 61001645.994 33001646.937 35001647.194
  3570: 36001647.719 35001647.747 36001648.388 35001648.740 36001648.786
  3575: 35001648.818 65001649.074 76001649.074 81001649.074 36001649.223
  3580: 34001649.288 61001652.224 33001652.409 35001652.569 36001652.662
  3585: 35001652.669 36001652.904 35001652.927 65001653.074 76001653.074
  3590: 81001653.074 36001653.325 35001653.333 36001653.466 35001654.026
  3595: 36001654.093 35001654.299 36001654.468 34001654.573 33001654.603
  3600: 35001654.703 36001654.918 34001654.968 65001657.074 76001657.074
  3605: 81001657.074 61001658.894 33001660.918 65001661.074 76001661.074
  3610: 81001661.074 35001661.146 36001661.420 35001661.464 36001661.568
  3615: 35001661.605 36001662.291 35001662.306 36001662.518 34001662.570
  3620: 65001665.074 76001665.074 81001665.074 61001665.564 33001667.771
  3625: 35001668.090 36001668.144 34001668.192 33001668.382 35001668.579
  3630: 36001668.793 35001668.800 65001669.074 76001669.074 81001669.074
  3635: 36001669.453 34001669.517 61001672.234 65001673.074 76001673.074
  3640: 81001673.074 33001675.769 35001676.081 36001676.657 35001676.680
  3645: 65001677.074 76001677.074 81001677.074 36001677.593 34001677.645
  3650: 61001678.904 65001681.074 76001681.074 81001681.074 41001682.988
  3655: 43001683.424 44001683.453 43001683.548 44001683.575 42001684.152
  3660: 65001685.074 76001685.074 81001685.074 61001685.134 65001689.074
  3665: 76001689.074 81001689.074 33001690.198 34001690.616 33001690.665
  3670: 35001690.720 36001691.239 35001691.266 36001691.357 61001691.364
  3675: 35001691.402 36001692.076 35001692.109 36001692.331 35001692.367
  3680: 36001692.682 34001692.774 33001692.830 65001693.074 76001693.074
  3685: 81001693.074 35001693.140 36001693.444 35001693.532 36001693.683
  3690: 34001693.743 65001697.074 76001697.074 81001697.074 61001698.034
  3695: 33001699.515 35001699.623 36001699.657 35001699.729 36001699.783
  3700: 35001699.822 36001700.196 35001700.210 36001700.308 34001700.368
  3705: 65001701.074 76001701.074 81001701.074 33001704.927 61001705.044
  3710: 65001705.074 76001705.074 81001705.074 35001705.649 36001706.227
  3715: 35001706.243 36001706.401 34001706.486 65001709.074 76001709.074
  3720: 81001709.074 33001711.238 35001711.524 36001711.929 61001711.934
  3725: 35001711.939 36001712.757 34001712.841 65001713.074 76001713.074
  3730: 81001713.074 33001713.653 35001714.075 36001714.360 34001714.419
  3735: 65001717.074 76001717.074 81001717.074 61001718.944 33001719.938
  3740: 35001720.764 36001720.864 35001720.878 36001721.017 65001721.074
  3745: 76001721.074 81001721.074 35001721.090 36001721.264 34001721.352
  3750: 65001725.074 76001725.074 81001725.074 61001725.174 41001726.763
  3755: 42001727.172 65001729.074 76001729.074 81001729.074 61001731.844
  3760: 65001733.074 76001733.074 81001733.074 63001733.633  3001733.633
  3765: 41001733.771  4001734.135 43001734.909 44001734.933 42001735.165
  3770: 33001735.862 34001735.920 33001735.958 34001736.363 33001736.749
  3775: 35001737.064 65001737.074 76001737.074 81001737.074 36001737.515
  3780: 35001737.817 61001738.074 36001738.323 34001738.382 65001741.074
  3785: 76001741.074 81001741.074 33001741.772 35001742.120 36001742.356
  3790: 35001742.618 36001742.780 34001742.850 61001744.964 65001745.074
  3795: 76001745.074 81001745.074 41001745.732 42001745.989 65001749.074
  3800: 76001749.074 81001749.074 33001749.995 35001750.261 36001750.333
  3805: 61001751.194 35001752.312 36001752.728 35001752.779 36001752.823
  3810: 34001752.944 65001753.074 76001753.074 81001753.074 65001757.074
  3815: 76001757.074 81001757.074 61001757.424 65001761.074 76001761.074
  3820: 81001761.074 63001761.647  3001761.647  4001762.149 61001764.314
  3825: 41001764.467 42001764.757 65001765.074 76001765.074 81001765.074
  3830: 33001765.438 35001765.802 36001766.263 35001766.295 36001766.547
  3835: 35001766.718 36001766.791 35001766.965 36001767.150 34001767.197
  3840: 65001769.074 76001769.074 81001769.074 61001770.544 33001772.234
  3845: 34001772.470 33001772.480 34001772.548 33001772.566 35001772.767
  3850: 65001773.074 76001773.074 81001773.074 36001773.249 34001773.341
  3855: 41001776.377 42001776.684 65001777.074 76001777.074 81001777.074
  3860: 61001777.554 65001781.074 76001781.074 81001781.074 63001781.657
  3865:  3001781.657  4001782.159 33001782.477 35001782.924 36001783.505
  3870: 35001783.543 36001783.609 35001783.649 27001783.649 28001783.659
  3875: 61001784.444 65001785.074 76001785.074 81001785.074 36001785.476
  3880: 35001785.482 27001785.482 28001785.492 36001786.655 35001786.659
  3885: 27001786.659 28001786.669 36001787.559 35001787.592 36001787.611
  3890: 35001787.636 36001788.700 34001788.879 65001789.074 76001789.074
  3895: 81001789.074 33001789.079 34001789.780 33001790.079 35001790.325
  3900: 36001790.359 35001790.394 61001790.674 36001790.739 35001790.743
  3905: 36001791.077 35001791.125 36001791.262 35001791.349 36001792.040
  3910: 35001792.045 36001792.281 35001792.333 65001793.074 76001793.074
  3915: 81001793.074 36001793.196 35001793.269 36001793.356 35001793.474
  3920: 36001793.724 35001793.759 36001793.878 34001794.022 33001794.167
  3925: 34001794.830 33001794.868 35001795.043 36001795.785 35001795.848
  3930: 36001795.939 35001795.966 36001796.233 35001796.398 36001796.467
  3935: 35001796.782 61001796.904 65001797.074 76001797.074 81001797.074
  3940: 36001797.232 35001797.404 36001798.398 35001798.433 36001798.524
  3945: 35001798.538 36001799.112 35001799.148 36001799.410 35001799.493
  3950: 36001799.534 34001799.570 65001801.074 76001801.074 81001801.074
  3955: 41001802.987 43001803.500 44001803.540 61001803.914 42001804.089
  3960: 33001804.679 34001804.961 65001805.074 76001805.074 81001805.074
  3965: 33001805.145 35001805.347 36001805.406 35001805.430 36001806.422
  3970: 35001806.428 36001807.272 35001807.346 36001807.689 34001807.809
  3975: 33001807.916 35001808.172 36001808.237 35001808.257 36001808.396
  3980: 35001808.444 36001808.525 35001808.553 36001808.670 34001808.984
  3985: 33001809.040 34001809.049 33001809.054 65001809.074 76001809.074
  3990: 81001809.074 35001809.181 36001809.269 34001809.332 33001809.427
  3995: 35001809.804 36001810.092 34001810.174 33001810.286 35001810.543
  4000: 36001810.587 35001810.635 36001810.758 35001810.804 36001810.875
  4005: 34001810.924 61001810.924 65001813.074 76001813.074 81001813.074
  4010: 33001814.766 34001814.825 33001814.851 35001815.051 36001815.162
  4015: 35001815.186 36001816.523 35001816.662 36001816.698 34001816.724
  4020: 33001816.767 34001816.776 33001816.795 34001816.904 33001816.930
  4025: 65001817.074 76001817.074 81001817.074 34001817.199 61001817.934
  4030: 65001821.074 76001821.074 81001821.074 41001824.352 61001824.384
  4035: 65001825.074 76001825.074 81001825.074 42001825.612 33001826.249
  4040: 34001826.591 33001826.715 35001826.758 36001826.839 35001826.904
  4045: 36001826.954 34001827.150 33001827.374 35001828.003 65001829.074
  4050: 76001829.074 81001829.074 36001829.113 35001829.203 36001829.256
  4055: 35001829.266 36001829.406 34001829.456 61001831.274 65001833.074
  4060: 76001833.074 81001833.074 65001837.074 76001837.074 81001837.074
  4065: 61001837.944 33001838.886 35001839.170 36001839.439 35001839.476
  4070: 65001841.074 76001841.074 81001841.074 36001841.957 35001841.984
  4075: 36001842.086 34001842.211 33001842.414 35001842.769 36001842.794
  4080: 35001842.854 36001843.257 34001843.360 41001844.484 42001844.688
  4085: 61001844.954 41001845.023 65001845.074 76001845.074 81001845.074
  4090: 42001845.522 65001849.074 76001849.074 81001849.074 33001849.141
  4095: 35001849.619 61001851.404 36001851.430 35001851.519 36001851.643
  4100: 34001851.692 33001851.818 35001852.142 36001852.229 35001852.233
  4105: 36001852.399 35001852.411 36001852.581 34001852.680 65001853.074
  4110: 76001853.074 81001853.074 33001854.843 35001855.023 36001855.365
  4115: 35001855.384 36001855.417 35001855.689 36001856.214 35001856.252
  4120: 36001856.346 34001856.412 65001857.074 76001857.074 81001857.074
  4125: 61001857.854 65001861.074 76001861.074 81001861.074 33001861.525
  4130: 35001861.946 36001862.735 35001862.761 36001863.175 35001863.216
  4135: 36001863.486 35001863.514 36001863.864 35001864.489 61001864.524
  4140: 36001864.831 65001865.074 76001865.074 81001865.074 35001865.662
  4145: 36001866.375 34001866.428 65001869.074 76001869.074 81001869.074
  4150: 61001871.194 65001873.074 76001873.074 81001873.074 33001874.893
  4155: 35001875.127 36001876.063 34001876.087 33001876.146 35001876.202
  4160: 36001876.926 35001876.940 36001877.062 65001877.074 76001877.074
  4165: 81001877.074 34001877.232 33001877.266 35001877.293 36001877.420
  4170: 35001877.451 36001877.508 35001877.529 36001877.688 35001877.782
  4175: 36001877.839 35001877.889 36001877.981 34001878.052 61001878.084
  4180: 65001881.074 76001881.074 81001881.074 33001884.330 35001884.672
  4185: 61001884.754 36001884.907 35001884.923 65001885.074 76001885.074
  4190: 81001885.074 36001885.694 35001885.783 36001886.297 34001886.405
  4195: 33001887.949 35001888.239 36001888.322 35001888.657 36001888.783
  4200: 35001888.874 65001889.074 76001889.074 81001889.074 36001889.395
  4205: 35001889.588 36001889.771 34001889.848 61001891.424 65001893.074
  4210: 76001893.074 81001893.074 33001895.429 35001895.739 36001896.293
  4215: 35001896.694 36001897.068 65001897.074 76001897.074 81001897.074
  4220: 34001897.134 61001898.434 65001901.074 76001901.074 81001901.074
  4225: 33001904.604 35001904.805 61001904.884 36001904.931 35001904.990
  4230: 65001905.074 76001905.074 81001905.074 36001905.265 35001905.307
  4235: 36001906.476 35001906.766 36001906.930 34001907.108 33001907.172
  4240: 35001907.257 36001907.801 34001907.827 33001907.936 34001908.452
  4245: 33001908.473 34001908.623 33001908.675 35001909.043 65001909.074
  4250: 76001909.074 81001909.074 36001910.053 35001910.076 36001910.278
  4255: 35001910.290 36001910.306 35001910.321 36001910.726 35001910.861
  4260: 36001911.051 35001911.063 61001911.114 36001911.116 35001911.482
  4265: 36001911.529 35001911.545 36001911.909 35001911.989 36001912.086
  4270: 34001912.154 65001913.074 76001913.074 81001913.074 65001917.074
  4275: 76001917.074 81001917.074 61001917.564 65001921.074 76001921.074
  4280: 81001921.074 33001922.503 35001922.940 36001923.538 34001923.675
  4285: 33001923.997 34001924.192 33001924.208 34001924.293 33001924.298
  4290: 34001924.573 61001924.574 33001924.588 35001924.661 36001924.692
  4295: 35001924.748 36001924.831 35001924.844 65001925.074 76001925.074
  4300: 81001925.074 36001925.350 35001925.379 36001925.422 35001925.515
  4305: 36001925.686 34001925.805 65001929.074 76001929.074 81001929.074
  4310: 61001930.804 33001930.901 35001931.273 36001931.648 35001931.972
  4315: 36001932.232 35001932.251 36001932.542 34001932.816 65001933.074
  4320: 76001933.074 81001933.074 33001936.810 65001937.074 76001937.074
  4325: 81001937.074 61001937.254 35001937.433 36001937.522 35001937.745
  4330: 36001938.137 35001938.263 36001938.736 35001938.749 36001938.924
  4335: 34001938.961 33001939.114 34001939.217 33001939.244 34001939.299
  4340: 33001939.339 34001939.390 33001939.450 35001939.682 36001939.708
  4345: 35001939.723 36001940.401 34001940.448 65001941.074 76001941.074
  4350: 81001941.074 61001943.704 65001945.074 76001945.074 81001945.074
  4355: 65001949.074 76001949.074 81001949.074 63001949.741  3001949.741
  4360: 61001949.934  4001950.243 33001951.191 35001951.413 36001952.584
  4365: 35001952.586 65001953.074 76001953.074 81001953.074 36001953.179
  4370: 35001953.199 27001953.199 28001953.209 36001953.991 35001954.023
  4375: 27001954.023 28001954.033 36001955.254 35001955.259 27001955.259
  4380: 28001955.269 36001956.236 35001956.248 61001956.384 36001956.485
  4385: 35001956.488 65001957.074 76001957.074 81001957.074 36001957.197
  4390: 35001957.204 36001957.328 35001957.340 36001957.463 35001957.518
  4395: 36001957.604 34001957.751 33001957.978 34001958.645 33001958.687
  4400: 35001958.935 36001959.464 35001959.472 36001959.488 35001959.534
  4405: 36001959.630 35001959.700 36001959.856 35001959.957 36001960.627
  4410: 35001960.666 36001960.786 35001960.854 36001960.929 65001961.074
  4415: 76001961.074 81001961.074 35001961.297 36001961.344 35001961.387
  4420: 36001961.863 35001961.865 36001961.880 35001961.886 36001961.997
  4425: 35001962.003 36001962.132 34001962.181 61001962.614 41001963.196
  4430: 42001963.341 41001964.023 42001964.383 65001965.074 76001965.074
  4435: 81001965.074 61001968.844 65001969.074 76001969.074 81001969.074
  4440: 33001972.063 35001972.377 36001972.825 35001972.844 65001973.074
  4445: 76001973.074 81001973.074 36001973.074 35001973.088 36001973.951
  4450: 35001973.964 36001974.061 35001974.139 36001975.165 35001975.245
  4455: 36001975.272 34001975.347 33001975.502 34001975.681 33001975.702
  4460: 61001975.734 35001975.898 36001976.063 35001976.139 36001976.231
  4465: 35001976.869 36001976.950 34001976.981 65001977.074 76001977.074
  4470: 81001977.074 65001981.074 76001981.074 81001981.074 61001982.184
  4475: 33001983.001 35001983.233 36001984.287 34001984.355 33001984.457
  4480: 34001984.539 33001984.556 35001984.649 65001985.074 76001985.074
  4485: 81001985.074 36001985.785 35001985.796 36001985.940 35001986.018
  4490: 36001986.162 34001986.211 65001989.074 76001989.074 81001989.074
  4495: 61001989.194 65001993.074 76001993.074 81001993.074 33001994.784
  4500: 35001995.011 36001995.102 35001995.152 61001995.424 36001995.600
  4505: 35001995.695 65001997.074 76001997.074 81001997.074 36001997.557
  4510: 34001997.656 33002000.264 35002000.425 36002000.468 35002000.499
  4515: 65002001.074 76002001.074 81002001.074 36002001.212 35002001.309
  4520: 36002001.531 34002001.601 61002001.874 65002005.074 76002005.074
  4525: 81002005.074 33002007.500 35002007.868 36002008.576 35002008.589
  4530: 61002008.884 65002009.074 76002009.074 81002009.074 36002009.573
  4535: 35002009.580 36002009.588 35002009.634 36002010.693 35002010.754
  4540: 36002011.095 34002011.199 33002011.251 35002011.472 36002011.550
  4545: 35002012.015 36002012.131 35002012.419 36002012.644 35002012.803
  4550: 65002013.074 76002013.074 81002013.074 36002013.567 35002013.622
  4555: 36002013.708 35002014.451 36002014.591 34002014.858 33002014.873
  4560: 35002015.301 36002015.533 35002015.590 36002015.752 35002015.871
  4565: 61002015.894 36002016.177 35002016.253 36002016.339 34002016.395
  4570: 33002016.545 65002017.074 76002017.074 81002017.074 34002017.244
  4575: 33002017.249 35002017.602 36002017.786 34002017.902 33002017.918
  4580: 35002018.162 36002018.220 34002018.277 33002018.396 35002018.755
  4585: 36002018.909 34002019.044 41002019.837 43002020.299 44002020.336
  4590: 43002020.573 44002020.607 42002020.839 41002020.887 65002021.074
  4595: 76002021.074 81002021.074 42002021.144 41002021.270 43002021.579
  4600: 44002021.599 43002021.621 44002021.813 43002021.847 44002021.999
  4605: 43002022.058 44002022.107 42002022.490 61002022.564 41002022.626
  4610: 42002023.302 33002024.308 34002024.611 33002024.785 35002024.956
  4615: 65002025.074 76002025.074 81002025.074 36002025.607 35002025.630
  4620: 36002025.696 35002026.284 36002026.379 34002026.429 33002026.506
  4625: 35002026.701 36002027.047 35002027.082 36002027.745 34002027.799
  4630: 65002029.074 76002029.074 81002029.074 61002029.454 33002031.867
  4635: 35002032.054 36002032.922 35002032.926 65002033.074 76002033.074
  4640: 81002033.074 36002033.116 35002033.200 36002033.348 35002033.828
  4645: 36002034.050 35002034.107 36002034.184 34002035.184 33002035.263
  4650: 35002035.439 36002035.629 34002036.153 33002036.221 34002036.315
  4655: 33002036.321 35002036.363 61002036.464 36002036.945 65002037.074
  4660: 76002037.074 81002037.074 35002037.156 36002039.228 34002039.407
  4665: 33002039.490 34002039.570 33002039.587 35002040.143 36002040.743
  4670: 35002040.744 65002041.074 76002041.074 81002041.074 36002041.105
  4675: 35002041.115 36002041.242 35002041.303 36002041.405 35002041.509
  4680: 36002041.614 34002042.012 33002042.014 34002042.091 61002042.914
  4685: 33002044.749 35002044.966 36002045.041 65002045.074 76002045.074
  4690: 81002045.074 35002045.226 36002045.617 35002045.635 36002046.205
  4695: 34002046.301 65002049.074 76002049.074 81002049.074 61002049.144
  4700: 33002051.137 35002051.394 36002051.897 35002051.948 36002052.073
  4705: 35002052.078 65002053.074 76002053.074 81002053.074 36002053.074
  4710: 35002053.132 36002053.344 35002053.479 36002053.655 35002053.660
  4715: 36002053.669 35002053.699 36002053.852 35002054.248 36002054.565
  4720: 35002054.606 36002054.838 35002055.303 61002055.814 36002056.183
  4725: 34002056.255 65002057.074 76002057.074 81002057.074 65002061.074
  4730: 76002061.074 81002061.074 61002062.044 65002065.074 76002065.074
  4735: 81002065.074 33002066.611 35002067.041 61002068.274 36002068.460
  4740: 35002068.945 65002069.074 76002069.074 81002069.074 36002069.172
  4745: 34002069.320 33002071.802 35002072.050 36002072.102 35002072.327
  4750: 36002072.579 35002072.629 36002072.783 34002072.846 65002073.074
  4755: 76002073.074 81002073.074 61002075.284 65002077.074 76002077.074
  4760: 81002077.074 65002081.074 76002081.074 81002081.074 61002082.174
  4765: 65002085.074 76002085.074 81002085.074 63002085.809  3002085.809
  4770:  4002086.311 61002089.064 65002089.074 76002089.074 81002089.074
  4775: 41002090.069 42002091.196 41002091.215 42002092.012 33002092.585
  4780: 35002092.903 36002092.945 65002093.074 76002093.074 81002093.074
  4785: 34002093.230 33002093.417 34002093.563 33002093.644 35002093.807
  4790: 36002094.439 35002094.451 36002094.549 35002094.566 36002095.618
  4795: 61002096.074 35002096.138 36002096.422 35002096.481 36002096.558
  4800: 34002096.879 65002097.074 76002097.074 81002097.074 65002101.074
  4805: 76002101.074 81002101.074 61002102.744 63002103.818  3002103.818
  4810:  4002104.320 65002105.074 76002105.074 81002105.074 33002106.067
  4815: 35002106.318 36002106.430 35002106.461 36002107.338 35002107.361
  4820: 27002107.361 28002107.371 36002107.803 35002107.825 27002107.825
  4825: 28002107.835 65002109.074 76002109.074 81002109.074 61002109.414
  4830: 36002111.394 35002111.416 27002111.416 28002111.426 36002112.041
  4835: 35002112.080 36002112.103 35002112.152 36002112.544 35002112.551
  4840: 36002112.816 35002112.827 36002112.950 35002112.971 65002113.074
  4845: 76002113.074 81002113.074 36002113.083 35002113.127 36002113.217
  4850: 35002113.409 36002113.488 35002113.524 36002113.627 34002113.900
  4855: 33002114.117 34002114.685 33002114.745 34002114.771 33002115.458
  4860: 34002115.919 33002116.124 61002116.304 35002116.365 36002116.420
  4865: 35002116.461 36002116.479 35002116.481 36002116.595 35002116.614
  4870: 36002116.825 35002117.046 65002117.074 76002117.074 81002117.074
  4875: 36002117.156 35002117.184 36002117.285 35002117.328 36002117.431
  4880: 35002117.493 36002117.594 35002117.665 36002117.757 35002118.081
  4885: 36002118.149 34002118.214 33002118.395 34002119.361 33002119.705
  4890: 35002120.177 36002120.216 35002120.398 36002120.497 35002120.549
  4895: 36002120.657 35002120.712 36002120.825 35002120.906 36002121.004
  4900: 65002121.074 76002121.074 81002121.074 35002121.102 36002121.208
  4905: 35002121.224 36002121.352 35002121.403 36002121.511 35002121.574
  4910: 36002121.676 35002121.861 36002122.063 35002122.126 36002122.221
  4915: 35002122.290 36002122.367 35002122.489 36002122.604 35002122.716
  4920: 36002123.138 61002123.194 34002123.546 33002123.578 35002124.888
  4925: 65002125.074 76002125.074 81002125.074 36002125.733 35002125.855
  4930: 36002126.144 34002126.219 33002126.229 34002126.418 33002126.422
  4935: 34002126.458 33002126.497 35002127.706 36002128.448 65002129.074
  4940: 76002129.074 81002129.074 61002129.644 35002129.674 36002129.913
  4945: 35002129.924 36002130.027 34002130.230 33002130.299 35002131.718
  4950: 36002131.929 65002133.074 76002133.074 81002133.074 35002134.351
  4955: 36002134.444 61002135.874 65002137.074 76002137.074 81002137.074
  4960: 34002138.053 33002138.073 34002138.133 33002138.186 34002138.222
  4965: 33002138.251 35002138.649 36002138.920 35002138.931 36002139.117
  4970: 35002139.121 36002140.218 35002140.243 36002140.291 35002140.356
  4975: 36002140.499 34002140.602 65002141.074 76002141.074 81002141.074
  4980: 37002141.251 39002141.362 40002141.476 38002141.585 41002142.019
  4985: 42002142.255 41002142.824 61002142.884 42002143.662 65002145.074
  4990: 76002145.074 81002145.074 63002145.839  3002145.839  4002146.341
  4995: 41002147.061 43002147.778 44002147.802 43002147.946 44002147.981
  5000: 42002148.136 33002148.671 35002149.032 36002149.053 65002149.074
  5005: 76002149.074 81002149.074 35002149.082 36002149.209 35002149.249
  5010: 36002149.363 35002149.388 61002149.554 36002149.583 35002149.705
  5015: 36002149.936 35002149.943 36002150.247 35002150.273 36002150.427
  5020: 34002150.508 33002150.784 34002151.208 33002151.265 35002151.380
  5025: 36002151.446 35002151.540 36002151.606 34002151.661 65002153.074
  5030: 76002153.074 81002153.074 61002156.224 65002157.074 76002157.074
  5035: 81002157.074 63002157.845  3002157.845  4002158.347 65002161.074
  5040: 76002161.074 81002161.074 33002161.578 35002161.887 36002162.400
  5045: 35002162.416 61002163.114 36002163.308 35002163.328 36002163.497
  5050: 35002163.722 36002164.016 35002164.246 36002164.316 35002164.328
  5055: 36002164.448 35002164.536 36002164.571 35002164.801 36002164.839
  5060: 65002165.074 76002165.074 81002165.074 35002165.207 36002165.330
  5065: 35002165.396 36002165.455 34002165.495 65002169.074 76002169.074
  5070: 81002169.074 61002169.784 41002172.315 42002173.041 65002173.074
  5075: 76002173.074 81002173.074 33002173.596 35002173.651 36002173.713
  5080: 34002173.775 33002173.932 35002174.100 36002175.261 35002175.436
  5085: 36002175.458 34002175.764 61002176.794 65002177.074 76002177.074
  5090: 81002177.074 65002181.074 76002181.074 81002181.074 61002183.024
  5095: 33002184.433 35002184.715 65002185.074 76002185.074 81002185.074
  5100: 36002186.453 35002186.849 36002187.007 35002187.462 36002188.077
  5105: 35002188.148 36002188.224 34002188.466 65002189.074 76002189.074
  5110: 81002189.074 61002189.914 33002190.580 35002190.662 36002191.815
  5115: 35002191.847 36002192.252 35002192.361 36002192.407 34002192.523
  5120: 65002193.074 76002193.074 81002193.074 61002196.584 65002197.074
  5125: 76002197.074 81002197.074 33002200.913 65002201.074 76002201.074
  5130: 81002201.074 35002201.113 36002201.562 35002201.584 36002202.337
  5135: 35002202.364 36002202.453 34002202.729 33002202.810 35002203.167
  5140: 36002203.417 34002203.540 61002203.594 65002205.074 76002205.074
  5145: 81002205.074 33002206.124 35002206.376 36002206.744 35002206.757
  5150: 36002206.938 35002206.978 36002207.048 35002207.082 36002207.153
  5155: 34002207.196 65002209.074 76002209.074 81002209.074 61002210.484
  5160: 65002213.074 76002213.074 81002213.074 33002214.810 35002215.100
  5165: 36002215.255 35002215.293 36002215.820 34002215.937 65002217.074
  5170: 76002217.074 81002217.074 61002217.374 65002221.074 76002221.074
  5175: 81002221.074 61002224.044 33002224.372 35002224.546 65002225.074
  5180: 76002225.074 81002225.074 36002226.902 34002227.007 33002227.362
  5185: 35002227.606 36002228.230 35002228.263 36002228.375 35002228.596
  5190: 36002228.629 65002229.074 76002229.074 81002229.074 35002229.208
  5195: 36002229.263 34002229.448 61002230.274 65002233.074 76002233.074
  5200: 81002233.074 65002237.074 76002237.074 81002237.074 61002237.284
  5205: 33002238.062 35002238.200 36002238.255 35002238.287 36002239.287
  5210: 35002239.305 36002239.469 35002239.490 36002240.162 35002240.259
  5215: 36002240.312 34002240.567 33002240.670 34002240.776 33002240.779
  5220: 34002240.800 33002240.879 65002241.074 76002241.074 81002241.074
  5225: 35002241.128 36002241.169 35002241.181 36002241.422 35002241.460
  5230: 36002241.572 35002241.634 36002241.702 35002242.162 36002242.231
  5235: 35002242.534 36002242.926 35002242.988 36002243.080 34002243.163
  5240: 61002244.294 65002245.074 76002245.074 81002245.074 65002249.074
  5245: 76002249.074 81002249.074 61002251.304 65002253.074 76002253.074
  5250: 81002253.074 33002255.611 63002255.894  3002255.894 35002255.903
  5255: 36002256.387  4002256.396 35002256.401 65002257.074 76002257.074
  5260: 81002257.074 61002257.534 36002257.611 35002257.653 27002257.653
  5265: 28002257.663 36002259.812 35002259.815 27002259.815 28002259.825
  5270: 36002259.916 35002259.922 27002259.922 28002259.932 65002261.074
  5275: 76002261.074 81002261.074 36002261.108 35002261.146 36002261.249
  5280: 35002261.303 36002261.396 35002261.469 36002261.995 34002262.100
  5285: 33002262.349 34002264.458 33002264.521 61002264.544 34002264.552
  5290: 33002264.825 65002265.074 76002265.074 81002265.074 34002265.296
  5295: 33002265.491 35002265.752 36002266.535 35002266.604 36002266.694
  5300: 35002267.072 36002267.163 34002267.355 33002267.492 35002268.348
  5305: 36002268.712 35002268.720 65002269.074 76002269.074 81002269.074
  5310: 36002269.098 35002269.148 36002269.269 35002269.319 36002269.444
  5315: 35002269.517 36002269.693 35002269.951 36002270.336 35002270.397
  5320: 36002270.464 34002270.586 33002270.701 35002271.015 36002271.037
  5325: 35002271.384 61002271.434 36002271.805 35002271.872 36002271.955
  5330: 34002272.095 33002272.137 35002272.634 65002273.074 76002273.074
  5335: 81002273.074 36002273.493 34002273.537 33002273.664 35002274.211
  5340: 36002274.390 35002274.433 36002274.514 35002274.555 36002274.683
  5345: 35002274.706 36002274.822 35002274.880 36002274.964 34002275.002
  5350: 65002277.074 76002277.074 81002277.074 61002277.664 33002279.805
  5355: 63002279.906  3002279.906 35002280.087  4002280.408 65002281.074
  5360: 76002281.074 81002281.074 36002281.687 35002281.767 36002281.936
  5365: 34002282.231 33002282.234 35002282.339 36002282.935 35002283.051
  5370: 36002283.184 34002283.237 61002284.334 33002284.911 65002285.074
  5375: 76002285.074 81002285.074 34002285.167 65002289.074 76002289.074
  5380: 81002289.074 61002291.004 33002291.104 35002291.268 36002292.159
  5385: 35002292.179 36002292.703 34002293.017 33002293.057 65002293.074
  5390: 76002293.074 81002293.074 35002293.298 36002293.495 35002293.519
  5395: 36002293.819 34002293.891 33002293.952 35002294.213 36002294.283
  5400: 35002294.308 36002295.012 35002295.890 36002296.123 35002296.272
  5405: 36002296.370 34002296.479 65002297.074 76002297.074 81002297.074
  5410: 61002297.894 65002301.074 76002301.074 81002301.074 33002301.938
  5415: 35002302.091 36002302.913 35002302.938 36002303.231 35002303.307
  5420: 36002303.357 35002303.390 36002303.830 35002303.882 36002304.006
  5425: 61002304.564 34002304.607 65002305.074 76002305.074 81002305.074
  5430: 33002307.755 34002307.794 33002307.811 35002307.950 36002308.396
  5435: 35002308.414 36002308.589 35002308.623 36002308.759 34002308.832
  5440: 65002309.074 76002309.074 81002309.074 61002311.454 65002313.074
  5445: 76002313.074 81002313.074 65002317.074 76002317.074 81002317.074
  5450: 61002318.124 33002318.544 35002318.799 36002320.116 35002320.144
  5455: 36002320.249 35002320.274 36002320.402 35002320.464 36002320.843
  5460: 35002320.901 36002321.017 65002321.074 76002321.074 81002321.074
  5465: 35002321.673 36002322.414 35002322.417 36002322.550 35002322.580
  5470: 36002322.696 35002322.769 36002322.847 34002322.963 33002322.994
  5475: 35002323.892 36002323.906 35002323.929 36002323.967 35002324.287
  5480: 36002324.675 35002324.683 61002324.794 36002324.975 35002325.009
  5485: 65002325.074 76002325.074 81002325.074 36002325.129 34002325.248
  5490: 65002329.074 76002329.074 81002329.074 33002330.418 35002330.680
  5495: 36002331.575 35002331.599 61002331.804 36002332.460 34002332.476
  5500: 33002332.813 65002333.074 76002333.074 81002333.074 35002333.274
  5505: 36002333.322 35002333.350 36002333.422 35002333.430 36002333.667
  5510: 34002333.954 65002337.074 76002337.074 81002337.074 61002338.814
  5515: 65002341.074 76002341.074 81002341.074 33002342.364 35002342.742
  5520: 36002343.302 35002343.324 36002343.423 35002343.478 36002344.372
  5525: 35002344.467 36002344.480 35002344.575 36002344.769 35002344.929
  5530: 65002345.074 76002345.074 81002345.074 36002345.341 35002345.683
  5535: 61002345.704 36002345.744 35002346.708 36002346.755 35002346.801
  5540: 36002347.010 35002347.067 36002347.166 34002347.225 65002349.074
  5545: 76002349.074 81002349.074 61002352.374 65002353.074 76002353.074
  5550: 81002353.074 65002357.074 76002357.074 81002357.074 63002357.945
  5555:  3002357.945  4002358.447 61002359.384 33002359.754 35002359.957
  5560: 36002359.980 35002360.005 65002361.074 76002361.074 81002361.074
  5565: 36002361.234 35002362.163 27002362.163 28002362.173 36002364.663
  5570: 35002364.682 27002364.682 28002364.692 36002364.775 35002364.829
  5575: 27002364.829 28002364.839 65002365.074 76002365.074 81002365.074
  5580: 36002365.690 35002365.710 36002365.737 35002365.794 61002365.834
  5585: 36002366.602 35002366.606 36002366.732 34002367.079 33002367.257
  5590: 34002367.326 33002367.338 34002368.651 33002368.936 65002369.074
  5595: 76002369.074 81002369.074 35002369.444 36002370.325 35002370.346
  5600: 36002370.480 35002370.497 36002370.622 35002370.686 36002370.799
  5605: 35002370.886 36002371.182 35002371.241 36002371.343 35002371.382
  5610: 36002371.500 35002371.665 36002371.706 34002371.808 33002372.003
  5615: 61002372.504 65002373.074 76002373.074 81002373.074 35002373.593
  5620: 36002373.989 35002374.047 36002374.148 35002374.191 36002375.274
  5625: 35002375.294 36002375.495 35002375.532 36002375.658 35002375.691
  5630: 36002375.840 35002375.881 36002375.931 65002377.074 76002377.074
  5635: 81002377.074 35002377.893 36002378.062 35002378.101 36002378.194
  5640: 35002378.259 36002378.325 34002378.363 61002379.394 65002381.074
  5645: 76002381.074 81002381.074 63002383.958  3002383.958 33002384.253
  5650:  4002384.460 35002384.472 65002385.074 76002385.074 81002385.074
  5655: 61002386.064 36002386.363 34002386.474 33002386.489 34002386.529
  5660: 33002386.736 35002387.125 36002387.164 35002387.991 36002388.095
  5665: 35002388.469 36002388.498 34002388.778 33002388.909 65002389.074
  5670: 76002389.074 81002389.074 35002389.175 36002389.424 35002389.575
  5675: 36002389.661 34002389.770 65002393.074 76002393.074 81002393.074
  5680: 61002393.074 33002393.323 35002393.471 36002393.504 35002393.574
  5685: 36002393.634 35002393.768 36002394.034 35002394.339 36002394.407
  5690: 35002394.454 36002394.710 35002394.746 36002395.252 35002395.285
  5695: 36002395.371 34002395.477 65002397.074 76002397.074 81002397.074
  5700: 33002399.675 35002399.885 36002399.988 35002400.011 61002400.084
  5705: 36002400.524 35002400.537 36002400.705 35002400.817 36002400.875
  5710: 65002401.074 76002401.074 81002401.074 35002401.130 36002401.286
  5715: 34002401.346 65002405.074 76002405.074 81002405.074 61002406.314
  5720: 63002407.970  3002407.970 33002408.015 35002408.455  4002408.472
  5725: 36002408.767 35002408.838 36002408.875 35002408.881 27002408.881
  5730: 28002408.891 65002409.074 76002409.074 81002409.074 36002410.367
  5735: 35002410.375 27002410.375 28002410.385 36002411.006 35002411.055
  5740: 27002411.055 28002411.065 36002411.434 35002411.439 36002411.542
  5745: 35002411.584 36002411.678 35002411.722 36002411.846 35002411.853
  5750: 36002412.225 35002412.268 36002412.376 35002412.427 36002412.501
  5755: 35002412.503 36002412.523 35002412.741 61002412.764 65002413.074
  5760: 76002413.074 81002413.074 36002413.186 35002413.201 36002413.306
  5765: 34002413.431 33002413.686 34002414.438 33002414.461 34002414.483
  5770: 33002414.701 35002414.932 36002415.704 35002415.716 36002415.846
  5775: 35002415.982 36002416.224 34002416.255 33002416.413 65002417.074
  5780: 76002417.074 81002417.074 35002417.511 36002417.638 35002417.648
  5785: 36002417.916 35002417.978 36002418.096 35002418.123 36002418.239
  5790: 34002418.281 61002419.434 33002420.715 35002420.969 65002421.074
  5795: 76002421.074 81002421.074 36002422.517 35002422.591 36002423.560
  5800: 35002423.573 36002423.705 35002423.909 36002424.005 35002424.442
  5805: 36002424.803 35002424.886 36002424.990 34002425.072 65002425.074
  5810: 76002425.074 81002425.074 61002426.104 65002429.074 76002429.074
  5815: 81002429.074 33002430.483 35002431.068 36002431.685 35002431.726
  5820: 36002432.626 35002432.721 61002432.774 36002432.805 65002433.074
  5825: 76002433.074 81002433.074 35002433.390 36002433.499 35002433.561
  5830: 36002433.611 35002433.678 36002433.790 34002433.909 65002437.074
  5835: 76002437.074 81002437.074 61002439.444 63002439.986  3002439.986
  5840:  4002440.488 65002441.074 76002441.074 81002441.074 33002441.861
  5845: 35002442.134 36002442.730 35002442.766 36002443.448 35002443.524
  5850: 27002443.524 28002443.534 36002444.332 35002444.383 27002444.383
  5855: 28002444.393 65002445.074 76002445.074 81002445.074 36002445.257
  5860: 35002445.345 27002445.345 28002445.355 61002445.674 36002445.828
  5865: 35002445.937 36002445.959 35002445.993 36002446.067 35002446.253
  5870: 36002446.326 35002446.539 36002446.667 35002446.675 36002446.791
  5875: 35002446.828 36002447.068 35002447.088 36002447.209 35002447.232
  5880: 36002447.357 35002447.424 36002447.494 34002447.919 33002448.095
  5885: 34002448.114 33002448.178 65002449.074 76002449.074 81002449.074
  5890: 35002449.775 36002451.335 35002451.423 36002451.472 35002451.639
  5895: 36002451.813 35002452.029 36002452.276 35002452.302 36002452.421
  5900: 61002452.684 34002452.709 65002453.074 76002453.074 81002453.074
  5905: 65002457.074 76002457.074 81002457.074 61002458.914 65002461.074
  5910: 76002461.074 81002461.074 33002462.087 35002462.401 36002462.822
  5915: 35002462.854 36002463.057 35002463.118 36002463.902 35002464.156
  5920: 36002464.244 35002464.462 36002464.629 35002464.647 36002464.729
  5925: 35002464.797 36002464.874 65002465.074 76002465.074 81002465.074
  5930: 35002465.079 36002465.621 35002465.703 36002465.756 35002465.773
  5935: 36002465.795 35002465.797 61002465.804 36002465.950 35002466.231
  5940: 36002466.408 35002466.425 36002466.479 35002466.569 36002466.656
  5945: 35002466.903 36002467.247 35002467.362 36002467.593 34002467.741
  5950: 33002467.782 34002467.918 65002469.074 76002469.074 81002469.074
  5955: 33002472.458 61002472.694 35002472.805 36002472.867 65002473.074
  5960: 76002473.074 81002473.074 35002473.262 36002473.503 35002473.545
  5965: 36002473.673 35002473.824 36002474.142 35002474.168 36002474.277
  5970: 34002474.684 33002474.689 35002474.896 36002474.969 35002475.041
  5975: 36002475.171 35002475.188 36002475.422 35002475.569 36002475.804
  5980: 35002475.869 36002475.921 35002476.005 36002476.537 35002476.586
  5985: 36002476.684 65002477.074 76002477.074 81002477.074 35002477.477
  5990: 36002477.671 35002477.743 36002478.421 35002478.439 36002478.837
  5995: 35002478.865 61002478.924 36002478.950 35002479.024 36002479.113
  6000: 35002479.122 36002479.775 35002479.817 36002480.124 35002480.786
  6005: 65002481.074 76002481.074 81002481.074 36002481.306 35002481.319
  6010: 36002481.423 34002481.472 65002485.074 76002485.074 81002485.074
  6015: 61002485.934 33002487.692 35002487.933 36002487.974 35002488.050
  6020: 36002488.127 35002488.327 36002488.813 35002488.851 36002488.941
  6025: 65002489.074 76002489.074 81002489.074 35002489.104 36002489.302
  6030: 35002489.536 36002489.841 34002489.982 33002489.987 35002490.084
  6035: 36002490.130 35002490.163 36002490.315 35002490.678 36002490.887
  6040: 34002491.085 61002492.604 65002493.074 76002493.074 81002493.074
  6045: 33002494.232 35002494.385 36002494.421 35002494.497 36002494.624
  6050: 35002494.627 36002495.400 35002495.447 36002495.529 35002495.938
  6055: 36002496.054 35002496.093 36002496.201 35002496.437 36002496.909
  6060: 35002496.936 36002497.041 65002497.074 76002497.074 81002497.074
  6065: 34002497.209 61002499.614 65002501.074 76002501.074 81002501.074
  6070: 65002505.074 76002505.074 81002505.074 61002506.064 33002507.317
  6075: 35002507.565 36002507.846 35002507.864 36002508.008 35002508.039
  6080: 65002509.074 76002509.074 81002509.074 36002509.284 35002509.322
  6085: 36002509.428 35002509.608 36002509.760 35002510.067 36002510.179
  6090: 34002511.002 33002511.047 34002511.073 33002511.148 35002511.823
  6095: 36002511.861 35002511.918 36002512.057 35002512.106 36002512.618
  6100: 35002512.628 61002512.954 65002513.074 76002513.074 81002513.074
  6105: 36002513.102 35002513.265 36002513.337 34002513.475 65002517.074
  6110: 76002517.074 81002517.074 33002518.649 35002518.869 36002518.888
  6115: 35002518.967 36002519.053 35002519.060 36002519.073 35002519.076
  6120: 36002519.367 35002519.408 36002519.535 35002519.554 61002519.844
  6125: 36002520.016 35002520.039 36002520.065 35002520.137 36002520.518
  6130: 35002520.637 36002520.687 34002520.839 33002520.844 35002520.887
  6135: 36002521.016 35002521.024 65002521.074 76002521.074 81002521.074
  6140: 36002521.319 35002521.405 36002521.551 35002521.901 36002522.172
  6145: 35002522.245 36002522.590 35002522.670 36002522.698 34002522.780
  6150: 33002522.879 35002522.953 36002522.986 35002523.155 36002523.317
  6155: 34002524.001 65002525.074 76002525.074 81002525.074 61002526.294
  6160: 65002529.074 76002529.074 81002529.074 33002529.991 35002530.478
  6165: 36002531.415 35002531.486 36002532.368 35002532.492 36002532.649
  6170: 34002533.039 65002533.074 76002533.074 81002533.074 61002533.304
  6175: 33002534.882 34002535.096 33002535.128 34002535.192 33002535.216
  6180: 35002535.476 36002536.135 35002536.200 36002536.402 35002536.464
  6185: 36002536.587 35002536.755 36002536.797 34002536.847 65002537.074
  6190: 76002537.074 81002537.074 61002539.534 65002541.074 76002541.074
  6195: 81002541.074 33002541.833 35002542.096 36002542.167 35002542.171
  6200: 36002542.734 35002542.739 36002542.983 35002543.024 36002543.076
  6205: 35002543.142 36002543.232 35002543.237 36002543.256 35002543.306
  6210: 36002543.354 35002543.362 36002543.440 35002543.598 36002543.865
  6215: 35002543.961 36002544.259 34002544.607 65002545.074 76002545.074
  6220: 81002545.074 61002545.764 65002549.074 76002549.074 81002549.074
  6225: 33002551.213 35002551.459 36002551.700 35002551.737 36002552.093
  6230: 35002552.248 61002552.434 65002553.074 76002553.074 81002553.074
  6235: 36002553.211 35002553.272 36002553.521 35002553.607 36002553.749
  6240: 35002553.820 36002553.911 35002553.939 36002554.078 35002554.163
  6245: 36002554.234 34002554.349 33002556.005 35002556.306 36002556.380
  6250: 34002556.452 65002557.074 76002557.074 81002557.074 61002558.664
  6255: 65002561.074 76002561.074 81002561.074 33002564.758 35002565.011
  6260: 65002565.074 76002565.074 81002565.074 36002565.127 35002565.135
  6265: 61002565.334 36002566.251 35002566.311 36002566.622 35002566.631
  6270: 36002566.752 35002566.760 36002567.242 35002567.285 36002567.375
  6275: 35002567.437 36002567.505 35002567.596 36002567.655 35002567.764
  6280: 36002567.852 34002568.172 65002569.074 76002569.074 81002569.074
  6285: 61002571.564 65002573.074 76002573.074 81002573.074 33002577.059
  6290: 65002577.074 76002577.074 81002577.074 34002577.759 33002577.808
  6295: 35002577.915 36002577.963 35002578.050 61002578.234 36002578.272
  6300: 35002578.274 36002578.387 35002578.449 36002578.586 35002578.635
  6305: 36002579.987 35002580.025 36002580.083 35002580.172 36002580.253
  6310: 34002580.412 65002581.074 76002581.074 81002581.074 65002585.074
  6315: 76002585.074 81002585.074 61002585.244 65002589.074 76002589.074
  6320: 81002589.074 33002589.329 35002589.557 36002590.033 35002590.036
  6325: 36002590.197 35002590.226 36002590.335 35002590.402 36002591.092
  6330: 35002591.113 36002591.260 35002591.309 36002591.652 61002591.694
  6335: 35002591.704 36002591.781 34002591.861 65002593.074 76002593.074
  6340: 81002593.074 65002597.074 76002597.074 81002597.074 61002597.924
  6345: 65002601.074 76002601.074 81002601.074 33002603.371 35002603.503
  6350: 36002603.548 35002603.628 36002604.138 35002604.142 36002604.165
  6355: 35002604.182 36002604.267 35002604.280 36002604.571 35002604.611
  6360: 36002604.695 35002604.803 61002604.814 36002605.065 35002605.073
  6365: 65002605.074 76002605.074 81002605.074 36002605.184 35002605.260
  6370: 36002605.465 35002605.544 36002605.686 35002605.745 36002605.931
  6375: 35002606.153 36002606.237 35002606.262 36002606.378 35002606.441
  6380: 36002606.599 35002606.688 36002606.766 34002606.819 65002609.074
  6385: 76002609.074 81002609.074 33002609.547 35002609.843 36002609.952
  6390: 35002610.118 36002610.202 34002610.258 61002611.484 65002613.074
  6395: 76002613.074 81002613.074 65002617.074 76002617.074 81002617.074
  6400: 61002617.934 33002619.749 35002620.029 36002620.804 35002620.830
  6405: 65002621.074 76002621.074 81002621.074 36002621.660 35002621.796
  6410: 36002622.007 35002622.181 36002622.245 35002622.414 36002622.530
  6415: 35002622.746 36002622.970 34002623.031 61002624.824 65002625.074
  6420: 76002625.074 81002625.074 65002629.074 76002629.074 81002629.074
  6425: 33002631.038 61002631.054 35002631.198 36002631.302 35002631.346
  6430: 36002631.865 35002631.898 36002632.317 34002632.335 33002632.472
  6435: 35002632.727 36002632.778 34002632.817 33002632.918 65002633.074
  6440: 76002633.074 81002633.074 34002633.075 33002633.102 35002633.247
  6445: 36002633.557 35002633.583 36002633.707 35002633.746 36002633.845
  6450: 35002633.988 36002634.078 34002634.133 65002637.074 76002637.074
  6455: 81002637.074 61002637.284 65002641.074 76002641.074 81002641.074
  6460: 33002642.211 35002642.502 36002643.341 35002643.395 36002643.431
  6465: 61002643.514 35002643.683 36002643.732 35002643.782 36002643.980
  6470: 34002644.034 33002644.068 35002644.170 36002644.228 34002644.295
  6475: 65002645.074 76002645.074 81002645.074 65002649.074 76002649.074
  6480: 81002649.074 61002650.524 33002652.626 35002652.893 65002653.074
  6485: 76002653.074 81002653.074 36002653.076 35002653.110 36002653.569
  6490: 35002653.599 36002653.901 35002653.967 36002654.391 35002654.494
  6495: 36002654.724 35002654.726 36002654.853 35002654.944 36002655.014
  6500: 35002655.234 36002655.403 35002655.471 36002655.799 35002655.822
  6505: 36002656.040 34002656.078 65002657.074 76002657.074 81002657.074
  6510: 61002657.534 65002661.074 76002661.074 81002661.074 61002664.424
  6515: 65002665.074 76002665.074 81002665.074 33002666.869 35002667.083
  6520: 36002667.122 35002667.187 36002667.811 35002667.853 36002668.426
  6525: 35002668.464 36002668.530 35002668.549 36002668.662 35002668.687
  6530: 65002669.074 76002669.074 81002669.074 36002669.136 35002669.222
  6535: 36002669.293 34002669.373 33002669.501 35002669.753 36002669.873
  6540: 35002669.895 36002669.983 35002670.043 36002670.385 35002670.518
  6545: 36002670.612 61002670.654 35002670.677 36002670.739 34002671.041
  6550: 65002673.074 76002673.074 81002673.074 65002677.074 76002677.074
  6555: 81002677.074 61002677.104 65002681.074 76002681.074 81002681.074
  6560: 61002683.554 33002683.762 35002684.024 36002684.101 35002684.331
  6565: 36002684.361 35002684.369 36002684.749 35002684.770 65002685.074
  6570: 76002685.074 81002685.074 36002685.298 35002685.345 36002685.412
  6575: 35002685.536 36002685.765 35002685.867 36002686.217 34002686.294
  6580: 65002689.074 76002689.074 81002689.074 61002689.784 41002690.231
  6585: 42002690.403 41002690.539 43002690.615 44002690.636 43002691.128
  6590: 44002691.167 43002691.255 44002691.300 43002692.383 44002692.820
  6595: 43002693.022 44002693.066 65002693.074 76002693.074 81002693.074
  6600: 43002693.151 44002693.206 43002693.643 44002693.779 43002693.790
  6605: 44002694.511 43002694.547 44002694.575 43002694.639 44002694.670
  6610: 43002694.680 44002694.720 43002694.771 44002694.819 43002694.922
  6615: 44002694.966 43002694.989 44002695.013 43002695.047 44002695.146
  6620: 42002695.379 41002695.490 43002695.919 44002696.170 43002696.183
  6625: 61002696.234 44002696.272 43002696.333 44002696.814 42002696.939
  6630: 65002697.074 76002697.074 81002697.074 33002697.564 34002697.612
  6635: 33002697.832 35002698.295 36002698.797 35002698.818 36002699.201
  6640: 35002699.360 36002699.547 35002699.594 36002699.733 35002699.784
  6645: 36002699.870 35002700.080 36002700.449 35002700.572 36002700.651
  6650: 35002700.750 36002701.028 65002701.074 76002701.074 81002701.074
  6655: 35002701.112 36002701.208 34002701.427 61002702.904 37002703.730
  6660: 39002703.958 40002703.985 38002704.097 65002705.074 76002705.074
  6665: 81002705.074 33002707.904 35002708.203 36002708.308 35002708.356
  6670: 65002709.074 76002709.074 81002709.074 36002709.344 34002709.438
  6675: 61002709.914 65002713.074 76002713.074 81002713.074 61002716.804
  6680: 65002717.074 76002717.074 81002717.074 65002721.074 76002721.074
  6685: 81002721.074 63002722.127  3002722.127 41002722.559  4002722.629
  6690: 43002723.282 44002723.334 43002723.445 44002723.476 61002723.814
  6695: 43002723.915 44002723.938 42002724.199 41002724.583 42002724.771
  6700: 65002725.074 76002725.074 81002725.074 33002725.403 34002725.901
  6705: 33002725.916 34002725.947 33002726.109 35002727.848 36002728.083
  6710: 35002728.109 36002728.464 35002728.484 65002729.074 76002729.074
  6715: 81002729.074 36002729.873 35002729.967 36002730.088 34002730.137
  6720: 61002730.484 33002731.360 35002731.547 36002731.818 34002731.878
  6725: 65002733.074 76002733.074 81002733.074 61002736.934 65002737.074
  6730: 76002737.074 81002737.074 65002741.074 76002741.074 81002741.074
  6735: 63002742.137  3002742.137  4002742.639 61002743.164 65002745.074
  6740: 76002745.074 81002745.074 33002747.489 35002747.905 36002748.061
  6745: 35002748.096 36002748.709 35002748.730 65002749.074 76002749.074
  6750: 81002749.074 36002749.559 35002749.580 61002749.614 36002749.725
  6755: 34002749.855 65002753.074 76002753.074 81002753.074 61002756.284
  6760: 65002757.074 76002757.074 81002757.074 65002761.074 76002761.074
  6765: 81002761.074 41002761.106 42002761.190 63002762.147  3002762.147
  6770:  4002762.649 61002763.174 33002764.508 35002764.826 65002765.074
  6775: 76002765.074 81002765.074 36002765.423 35002765.457 36002765.858
  6780: 35002765.894 27002765.894 28002765.904 36002766.795 35002766.905
  6785: 27002766.905 28002766.915 36002767.844 35002767.867 27002767.867
  6790: 28002767.877 36002768.873 35002768.999 36002769.030 35002769.032
  6795: 65002769.074 76002769.074 81002769.074 36002769.223 35002769.238
  6800: 36002769.323 35002769.327 36002769.908 35002769.920 36002770.047
  6805: 61002770.184 34002770.275 33002770.739 35002771.174 36002771.635
  6810: 35002771.684 36002771.792 35002771.796 36002771.932 35002771.940
  6815: 36002772.070 35002772.240 36002772.383 35002772.405 36002772.716
  6820: 35002772.724 36002772.825 35002772.850 36002772.964 35002773.035
  6825: 65002773.074 76002773.074 81002773.074 36002773.152 35002773.170
  6830: 36002773.286 35002773.660 36002773.797 35002773.836 36002773.931
  6835: 35002774.006 36002774.250 34002774.387 33002774.653 35002775.674
  6840: 36002775.718 35002775.743 36002776.134 35002776.153 36002776.636
  6845: 35002776.686 36002777.026 65002777.074 76002777.074 81002777.074
  6850: 35002777.169 61002777.194 36002777.267 34002777.372 65002781.074
  6855: 76002781.074 81002781.074 33002782.536 35002782.837 36002783.145
  6860: 35002783.168 61002783.864 36002784.226 35002784.355 36002784.598
  6865: 35002784.703 36002784.896 65002785.074 76002785.074 81002785.074
  6870: 35002785.350 36002785.664 35002785.672 36002785.731 35002785.989
  6875: 36002786.048 35002786.055 36002786.197 34002786.314 65002789.074
  6880: 76002789.074 81002789.074 61002790.534 65002793.074 76002793.074
  6885: 81002793.074 33002793.606 35002793.853 36002793.908 35002793.961
  6890: 36002794.297 35002794.322 36002794.817 35002794.882 36002794.942
  6895: 35002794.975 36002795.133 35002795.262 36002795.293 35002795.297
  6900: 36002795.313 35002795.322 36002795.435 35002795.519 36002795.578
  6905: 35002795.810 36002796.661 35002796.885 65002797.074 76002797.074
  6910: 81002797.074 36002797.125 61002797.204 35002797.810 36002797.855
  6915: 34002797.960 65002801.074 76002801.074 81002801.074 61002803.434
  6920: 65002805.074 76002805.074 81002805.074 63002806.169  3002806.169
  6925:  4002806.671 33002808.920 65002809.074 76002809.074 81002809.074
  6930: 35002809.260 36002809.855 35002809.861 61002809.884 36002810.371
  6935: 35002810.379 27002810.379 28002810.389 36002811.773 35002811.794
  6940: 27002811.794 28002811.804 36002812.802 35002812.865 27002812.865
  6945: 28002812.875 65002813.074 76002813.074 81002813.074 36002813.471
  6950: 35002813.541 36002813.628 35002813.633 36002813.662 35002813.700
  6955: 36002813.932 35002813.949 36002814.064 35002814.113 36002814.219
  6960: 35002814.391 36002814.507 35002814.555 36002814.666 35002814.692
  6965: 36002814.813 35002814.845 36002814.952 35002814.963 36002815.089
  6970: 34002815.240 33002815.744 61002816.554 35002816.856 36002816.910
  6975: 35002816.947 65002817.074 76002817.074 81002817.074 36002817.227
  6980: 35002817.324 36002817.568 35002817.664 36002817.717 35002817.763
  6985: 36002818.756 35002818.762 36002818.903 35002818.985 36002819.041
  6990: 34002819.151 33002819.386 35002820.175 36002820.265 35002820.320
  6995: 36002820.414 34002820.469 65002821.074 76002821.074 81002821.074
  7000: 61002823.444 65002825.074 76002825.074 81002825.074 33002827.526
  7005: 35002827.780 36002828.156 35002828.165 36002828.611 35002828.637
  7010: 36002828.690 35002828.823 36002828.991 35002829.002 65002829.074
  7015: 76002829.074 81002829.074 36002829.335 35002829.351 36002829.359
  7020: 34002829.498 33002829.636 35002829.953 61002830.114 36002830.487
  7025: 35002830.957 36002831.122 35002831.551 36002831.675 34002831.788
  7030: 65002833.074 76002833.074 81002833.074 61002836.564 65002837.074
  7035: 76002837.074 81002837.074 33002839.883 63002840.186  3002840.186
  7040: 35002840.194  4002840.688 36002840.719 35002840.723 36002840.953
  7045: 35002841.006 27002841.006 28002841.016 65002841.074 76002841.074
  7050: 81002841.074 36002841.909 35002841.933 27002841.933 28002841.943
  7055: 36002842.557 35002842.584 27002842.584 28002842.594 61002842.794
  7060: 36002843.887 35002843.921 36002844.544 35002844.557 36002844.677
  7065: 35002844.684 36002844.823 35002844.830 36002844.952 65002845.074
  7070: 76002845.074 81002845.074 34002845.086 33002845.527 34002846.422
  7075: 33002846.476 35002846.761 36002847.016 35002847.053 36002847.182
  7080: 35002847.340 36002847.497 35002847.555 36002847.573 35002847.611
  7085: 36002847.763 35002847.799 36002847.928 34002848.130 65002849.074
  7090: 76002849.074 81002849.074 61002849.244 33002849.647 35002849.939
  7095: 36002850.355 35002850.367 36002850.483 35002850.615 36002850.638
  7100: 35002850.659 36002851.152 35002851.247 36002851.329 35002851.411
  7105: 36002851.594 34002851.773 33002851.781 35002852.001 36002852.204
  7110: 35002852.293 36002852.320 35002852.338 36002852.444 34002852.545
  7115: 65002853.074 76002853.074 81002853.074 61002855.474 65002857.074
  7120: 76002857.074 81002857.074 63002858.195  3002858.195 33002858.223
  7125: 35002858.591  4002858.697 36002858.960 35002858.986 36002859.214
  7130: 35002859.226 27002859.226 28002859.236 36002860.000 35002860.013
  7135: 27002860.013 28002860.023 36002860.942 35002860.949 27002860.949
  7140: 28002860.959 65002861.074 76002861.074 81002861.074 61002862.484
  7145: 36002862.561 35002862.595 36002862.690 35002862.730 36002862.827
  7150: 35002862.841 36002862.945 35002862.974 36002863.075 35002863.172
  7155: 36002863.190 35002863.292 36002863.410 35002863.418 36002863.522
  7160: 35002863.541 36002863.647 34002863.793 33002864.291 65002865.074
  7165: 76002865.074 81002865.074 34002865.478 33002865.550 35002865.812
  7170: 36002865.909 35002865.926 36002866.074 35002866.090 36002866.223
  7175: 35002866.250 36002866.393 35002866.416 36002866.564 35002866.578
  7180: 36002866.716 35002866.748 36002866.881 35002866.908 36002867.038
  7185: 34002867.241 33002867.717 61002868.714 35002868.926 36002868.980
  7190: 35002869.061 65002869.074 76002869.074 81002869.074 36002869.160
  7195: 35002869.219 36002869.328 35002869.373 36002869.473 35002869.547
  7200: 36002869.630 35002869.693 36002869.820 35002869.896 36002869.998
  7205: 35002870.065 36002870.165 35002870.235 36002870.319 35002870.656
  7210: 36002870.717 35002870.861 36002870.936 34002871.121 33002872.279
  7215: 65002873.074 76002873.074 81002873.074 35002873.832 36002873.930
  7220: 35002873.982 36002874.086 35002874.169 36002874.617 35002874.641
  7225: 36002874.763 35002874.854 36002875.095 35002875.258 36002875.335
  7230: 61002875.384 35002875.880 36002876.041 35002876.267 36002876.364
  7235: 34002876.479 65002877.074 76002877.074 81002877.074 65002881.074
  7240: 76002881.074 81002881.074 33002881.156 35002881.350 36002881.373
  7245: 35002881.409 36002882.221 61002882.274 35002882.275 36002882.421
  7250: 35002882.543 36002883.400 35002883.432 36002883.460 35002883.487
  7255: 36002883.899 35002883.984 36002884.304 35002884.436 36002884.513
  7260: 34002885.062 65002885.074 76002885.074 81002885.074 33002885.235
  7265: 35002885.567 36002885.662 35002885.763 36002885.848 35002885.953
  7270: 36002886.015 35002886.195 36002886.251 34002886.332 65002889.074
  7275: 76002889.074 81002889.074 61002889.284 65002893.074 76002893.074
  7280: 81002893.074 33002894.605 35002895.065 61002895.514 36002895.882
  7285: 35002895.939 36002896.004 35002896.009 36002896.221 35002896.302
  7290: 36002896.327 35002896.350 36002896.380 35002896.440 36002896.661
  7295: 34002896.683 33002896.699 35002896.764 65002897.074 76002897.074
  7300: 81002897.074 36002897.441 35002897.447 36002897.456 35002897.485
  7305: 36002897.643 35002897.678 36002898.397 35002898.486 36002898.516
  7310: 35002898.778 36002899.422 35002899.501 36002899.598 35002899.608
  7315: 36002899.669 34002899.714 65002901.074 76002901.074 81002901.074
  7320: 61002902.524 33002904.850 35002905.033 65002905.074 76002905.074
  7325: 81002905.074 36002905.622 35002905.637 36002905.646 35002905.684
  7330: 36002905.758 35002905.773 36002906.287 35002906.291 36002906.320
  7335: 35002906.341 36002906.429 35002906.574 36002907.200 35002907.243
  7340: 36002907.343 35002907.387 36002907.467 34002907.803 33002907.998
  7345: 34002908.168 65002909.074 76002909.074 81002909.074 61002909.534
  7350: 65002913.074 76002913.074 81002913.074 61002915.984 33002916.428
  7355: 35002916.672 65002917.074 76002917.074 81002917.074 36002917.796
  7360: 35002917.848 36002918.005 35002918.067 36002918.939 35002918.942
  7365: 36002919.078 34002919.672 33002919.870 34002919.901 33002920.024
  7370: 34002920.090 33002920.122 35002920.278 36002920.520 35002920.556
  7375: 36002920.666 35002920.817 36002920.905 35002920.950 65002921.074
  7380: 76002921.074 81002921.074 36002921.091 35002921.290 36002921.513
  7385: 35002921.626 36002921.706 35002921.779 36002921.863 34002921.921
  7390: 61002922.994 65002925.074 76002925.074 81002925.074 33002927.614
  7395: 35002927.849 36002928.405 35002928.422 65002929.074 76002929.074
  7400: 81002929.074 36002929.266 35002929.292 36002929.606 35002929.674
  7405: 36002929.723 35002929.726 61002929.884 36002929.944 35002930.155
  7410: 36002930.232 35002930.327 36002930.372 34002930.511 65002933.074
  7415: 76002933.074 81002933.074 61002936.554 65002937.074 76002937.074
  7420: 81002937.074 33002937.240 35002937.395 36002937.673 35002937.733
  7425: 36002938.619 35002938.670 36002938.741 35002938.750 36002939.073
  7430: 35002939.137 36002939.305 35002939.365 36002939.463 35002939.494
  7435: 36002939.832 35002939.956 36002940.218 35002940.238 36002940.256
  7440: 35002940.304 36002940.396 35002940.415 36002940.611 35002940.845
  7445: 65002941.074 76002941.074 81002941.074 36002941.589 35002941.638
  7450: 36002942.110 35002942.143 36002942.249 35002942.290 36002942.411
  7455: 35002942.438 36002942.559 35002942.648 36002942.675 35002942.690
  7460: 36002942.711 35002942.810 36002942.918 35002943.204 61002943.224
  7465: 36002943.328 35002943.463 36002943.598 35002943.757 36002944.285
  7470: 35002944.307 36002944.417 35002944.495 36002944.521 34002944.565
  7475: 65002945.074 76002945.074 81002945.074 65002949.074 76002949.074
  7480: 81002949.074 61002950.234 33002952.401 35002952.884 65002953.074
  7485: 76002953.074 81002953.074 36002953.731 35002953.745 36002953.760
  7490: 35002953.827 36002954.187 35002954.203 36002954.339 35002954.377
  7495: 36002954.431 35002954.434 36002954.466 35002954.536 36002954.639
  7500: 35002954.710 36002954.734 34002954.979 33002955.010 35002955.135
  7505: 36002955.283 35002955.465 36002955.546 35002955.555 36002955.590
  7510: 35002955.607 36002955.759 34002956.121 65002957.074 76002957.074
  7515: 81002957.074 61002957.244 65002961.074 76002961.074 81002961.074
  7520: 41002962.450 43002963.123 44002963.174 61002963.694 42002963.825
  7525: 33002964.409 35002964.805 36002965.018 35002965.054 65002965.074
  7530: 76002965.074 81002965.074 36002966.034 35002966.075 36002966.368
  7535: 34002966.685 65002969.074 76002969.074 81002969.074 61002970.584
  7540: 65002973.074 76002973.074 81002973.074 63002976.254  3002976.254
  7545:  4002976.756 65002977.074 76002977.074 81002977.074 61002977.254
  7550: 33002977.492 35002977.719 36002978.381 35002978.410 36002978.930
  7555: 35002979.018 27002979.018 28002979.028 36002980.578 35002980.581
  7560: 27002980.581 28002980.591 65002981.074 76002981.074 81002981.074
  7565: 36002981.286 35002981.289 27002981.289 28002981.299 36002982.549
  7570: 35002982.601 36002982.695 35002982.836 36002983.264 34002983.385
  7575: 33002983.762 61002984.264 65002985.074 76002985.074 81002985.074
  7580: 34002986.383 33002986.435 35002987.082 36002987.132 35002987.166
  7585: 36002987.320 35002987.325 36002987.591 35002987.627 36002987.748
  7590: 35002987.752 36002987.906 35002987.915 36002988.055 35002988.154
  7595: 36002988.178 35002988.282 36002988.695 35002988.726 36002988.821
  7600: 35002988.879 36002988.962 35002989.049 65002989.074 76002989.074
  7605: 81002989.074 36002989.129 34002989.202 61002990.934 65002993.074
  7610: 76002993.074 81002993.074 63002994.263  3002994.263 33002994.568
  7615:  4002994.765 35002994.804 36002994.873 35002995.019 36002995.245
  7620: 35002995.264 27002995.264 28002995.274 36002996.141 35002996.187
  7625: 27002996.187 28002996.197 36002996.542 35002996.557 27002996.557
  7630: 28002996.567 65002997.074 76002997.074 81002997.074 61002997.944
  7635: 36002998.020 35002998.057 36002998.179 35002998.260 36002998.735
  7640: 35002998.746 36002999.006 35002999.019 36002999.144 34002999.305
  7645: 33002999.783 34003001.065 65003001.074 76003001.074 81003001.074
  7650: 33003002.016 35003002.373 36003003.220 35003003.300 36003003.397
  7655: 35003003.605 36003003.799 35003004.107 61003004.394 36003005.002
  7660: 35003005.018 65003005.074 76003005.074 81003005.074 36003005.619
  7665: 35003005.649 36003005.777 35003005.830 36003005.939 34003006.083
  7670: 65003009.074 76003009.074 81003009.074 63003010.271  3003010.271
  7675: 33003010.390 61003010.624 35003010.718  4003010.773 36003012.300
  7680: 35003012.301 36003012.428 35003012.494 27003012.494 28003012.504
  7685: 65003013.074 76003013.074 81003013.074 36003013.593 35003013.648
  7690: 27003013.648 28003013.658 36003015.002 35003015.009 27003015.009
  7695: 28003015.019 36003015.835 35003015.858 36003015.985 35003016.082
  7700: 36003016.275 35003016.359 36003016.745 35003016.783 36003016.890
  7705: 34003017.013 65003017.074 76003017.074 81003017.074 33003017.354
  7710: 61003017.514 34003019.963 33003019.967 35003020.286 36003020.375
  7715: 35003020.433 36003020.553 35003020.599 36003020.714 35003020.771
  7720: 65003021.074 76003021.074 81003021.074 36003021.279 35003021.294
  7725: 36003021.432 35003021.505 36003021.602 35003023.128 36003023.316
  7730: 35003023.352 36003023.461 35003023.484 36003023.612 34003023.653
  7735: 61003024.184 65003025.074 76003025.074 81003025.074 33003028.004
  7740: 35003028.144 36003028.165 34003028.299 33003028.339 35003028.415
  7745: 36003028.882 35003028.906 65003029.074 76003029.074 81003029.074
  7750: 36003029.114 35003029.121 36003029.747 35003029.774 36003030.074
  7755: 35003030.106 36003030.204 35003030.223 36003030.473 35003030.489
  7760: 36003030.614 61003030.634 35003030.928 36003031.013 34003031.283
  7765: 33003031.301 34003031.890 33003031.898 35003032.107 36003032.189
  7770: 35003032.247 36003032.362 35003032.370 36003032.517 34003032.570
  7775: 65003033.074 76003033.074 81003033.074 41003035.944 42003036.179
  7780: 41003036.543 65003037.074 76003037.074 81003037.074 61003037.084
  7785: 43003037.606 44003037.632 43003037.730 44003037.772 42003037.899
  7790: 33003038.466 34003038.578 33003038.591 34003038.831 33003039.047
  7795: 35003039.187 36003040.478 35003040.540 36003040.726 35003040.790
  7800: 36003040.814 35003040.929 36003040.968 35003041.018 65003041.074
  7805: 76003041.074 81003041.074 36003041.254 35003041.301 36003041.448
  7810: 35003041.845 36003042.313 35003042.346 36003042.638 35003042.686
  7815: 36003042.785 35003043.216 36003043.346 35003043.466 36003043.512
  7820: 61003043.754 35003043.944 36003043.990 35003044.309 36003044.951
  7825: 34003045.017 65003045.074 76003045.074 81003045.074 65003049.074
  7830: 76003049.074 81003049.074 33003049.559 35003049.943 36003050.601
  7835: 35003050.614 61003050.644 36003051.285 35003051.322 36003051.428
  7840: 35003051.450 36003051.996 35003052.003 36003052.120 35003052.226
  7845: 36003052.294 35003052.400 36003052.537 35003052.581 36003052.678
  7850: 35003052.884 36003052.925 35003052.934 65003053.074 76003053.074
  7855: 81003053.074 36003053.342 35003053.489 36003053.573 35003053.641
  7860: 36003053.716 35003053.954 36003054.033 35003054.471 36003054.584
  7865: 35003054.606 36003054.708 35003055.019 36003055.273 35003055.386
  7870: 36003055.497 34003055.571 65003057.074 76003057.074 81003057.074
  7875: 61003057.534 33003059.520 34003059.583 33003059.651 35003059.930
  7880: 36003060.049 35003060.116 36003060.542 35003060.574 36003060.630
  7885: 35003060.705 65003061.074 76003061.074 81003061.074 36003061.283
  7890: 35003061.383 36003061.810 35003061.902 36003061.934 35003061.965
  7895: 36003062.129 35003062.425 36003063.049 35003063.069 36003063.163
  7900: 35003063.561 36003063.929 35003064.008 36003064.126 61003064.204
  7905: 34003064.421 33003064.423 65003065.074 76003065.074 81003065.074
  7910: 35003065.399 36003066.344 35003066.376 36003066.652 35003066.662
  7915: 36003067.391 34003067.471 65003069.074 76003069.074 81003069.074
  7920: 61003071.214 33003071.408 35003071.572 36003071.611 35003071.682
  7925: 36003072.359 35003072.365 36003072.574 35003072.598 65003073.074
  7930: 76003073.074 81003073.074 36003073.281 35003073.311 36003074.135
  7935: 35003074.191 36003074.297 34003074.374 33003074.620 34003074.636
  7940: 33003074.766 34003075.746 33003075.810 35003076.236 36003076.424
  7945: 35003076.434 36003077.019 35003077.023 65003077.074 76003077.074
  7950: 81003077.074 36003077.160 35003077.204 36003077.267 61003077.444
  7955: 34003077.747 33003080.066 35003080.209 36003080.703 34003080.797
  7960: 65003081.074 76003081.074 81003081.074 61003084.114 65003085.074
  7965: 76003085.074 81003085.074 33003086.197 35003086.428 36003087.263
  7970: 35003087.284 36003087.597 35003087.602 36003087.914 35003087.939
  7975: 36003088.218 35003088.287 36003088.412 35003088.468 36003088.747
  7980: 35003088.822 36003088.937 35003088.969 65003089.074 76003089.074
  7985: 81003089.074 36003089.177 35003089.394 36003089.425 34003089.633
  7990: 61003091.004 65003093.074 76003093.074 81003093.074 33003094.186
  7995: 35003094.342 36003094.583 34003094.618 33003094.661 35003094.905
  8000: 36003095.164 35003095.174 36003095.256 35003095.259 36003095.554
  8005: 35003095.575 36003095.937 35003095.969 36003096.358 35003096.368
  8010: 36003096.377 35003096.405 36003096.488 35003096.513 65003097.074
  8015: 76003097.074 81003097.074 36003097.095 35003097.141 36003097.240
  8020: 35003097.273 36003097.405 61003097.454 35003097.495 36003097.574
  8025: 35003097.797 36003098.067 35003098.669 36003098.927 35003098.944
  8030: 36003099.063 34003099.132 65003101.074 76003101.074 81003101.074
  8035: 41003101.958 42003102.465 61003104.344 65003105.074 76003105.074
  8040: 81003105.074 65003109.074 76003109.074 81003109.074 33003110.089
  8045: 63003110.321  3003110.321 35003110.340 36003110.424 35003110.459
  8050: 61003110.794  4003110.823 36003112.260 35003112.308 27003112.308
  8055: 28003112.318 65003113.074 76003113.074 81003113.074 36003114.087
  8060: 35003114.091 27003114.091 28003114.101 36003114.892 35003114.965
  8065: 27003114.965 28003114.975 36003116.772 35003116.776 36003117.023
  8070: 65003117.074 76003117.074 81003117.074 35003117.084 36003117.168
  8075: 35003117.337 61003117.464 36003117.897 34003118.021 33003118.314
  8080: 34003119.235 33003119.282 34003120.507 33003120.555 34003120.680
  8085: 33003120.751 35003120.931 36003120.986 35003121.023 65003121.074
  8090: 76003121.074 81003121.074 36003121.290 35003121.327 36003121.449
  8095: 35003121.478 36003121.935 35003121.991 36003123.656 35003123.722
  8100: 36003123.962 34003124.123 33003124.239 61003124.474 35003124.604
  8105: 36003124.836 35003124.855 36003124.951 35003125.010 65003125.074
  8110: 76003125.074 81003125.074 36003125.089 35003125.177 36003125.264
  8115: 34003125.325 65003129.074 76003129.074 81003129.074 33003129.906
  8120: 35003130.173 36003130.796 35003130.817 61003130.924 36003131.150
  8125: 35003131.184 36003131.313 35003131.347 36003132.010 35003132.022
  8130: 36003132.407 35003132.464 36003132.574 35003132.683 65003133.074
  8135: 76003133.074 81003133.074 36003133.481 35003133.498 36003133.637
  8140: 35003133.709 36003133.806 35003133.847 36003133.927 34003134.294
  8145: 33003134.599 35003135.022 36003135.231 35003135.270 36003135.499
  8150: 35003135.542 36003135.639 34003135.677 65003137.074 76003137.074
  8155: 81003137.074 61003137.814 65003141.074 76003141.074 81003141.074
  8160: 63003142.337  3003142.337 33003142.471 35003142.640 36003142.665
  8165: 35003142.718  4003142.839 36003144.124 35003144.142 27003144.142
  8170: 28003144.152 61003144.704 36003144.744 35003144.772 27003144.772
  8175: 28003144.782 65003145.074 76003145.074 81003145.074 36003145.439
  8180: 35003145.463 27003145.463 28003145.473 36003145.833 35003145.861
  8185: 36003145.936 35003146.027 36003147.089 35003147.132 36003147.241
  8190: 35003147.313 36003147.673 34003147.807 33003148.271 65003149.074
  8195: 76003149.074 81003149.074 34003149.568 33003149.745 35003150.018
  8200: 36003150.077 35003150.113 36003150.181 35003150.225 36003150.328
  8205: 35003150.364 36003150.478 35003150.483 36003150.785 35003150.821
  8210: 36003150.949 35003150.976 36003151.104 34003151.171 61003151.374
  8215: 65003153.074 76003153.074 81003153.074 33003154.828 35003154.996
  8220: 36003155.038 35003155.073 36003156.965 35003157.002 65003157.074
  8225: 76003157.074 81003157.074 36003157.367 35003157.418 36003157.657
  8230: 35003157.707 36003157.820 35003157.886 36003157.904 35003157.931
  8235: 36003158.039 35003158.246 36003158.271 35003158.325 61003158.384
  8240: 36003158.428 35003159.236 36003159.321 34003159.403 65003161.074
  8245: 76003161.074 81003161.074 33003163.104 35003163.160 36003163.202
  8250: 35003163.209 36003163.261 35003163.268 36003163.542 35003163.573
  8255: 36003164.202 35003164.246 36003164.437 35003164.454 36003164.704
  8260: 35003164.738 61003164.834 36003164.920 35003164.925 36003165.059
  8265: 65003165.074 76003165.074 81003165.074 35003165.082 36003165.102
  8270: 35003165.118 36003165.251 35003165.282 36003165.631 34003165.723
  8275: 65003169.074 76003169.074 81003169.074 61003171.724 33003172.008
  8280: 35003172.138 36003173.057 65003173.074 76003173.074 81003173.074
  8285: 35003173.114 36003173.588 35003173.598 36003173.617 35003173.644
  8290: 36003173.802 35003173.859 36003173.936 35003174.100 36003174.265
  8295: 35003174.292 36003174.888 35003174.943 36003175.042 35003175.089
  8300: 36003175.232 35003175.405 36003175.489 35003175.588 36003175.635
  8305: 35003176.423 36003176.641 35003176.646 36003176.670 35003176.680
  8310: 36003176.923 35003177.065 65003177.074 76003177.074 81003177.074
  8315: 36003177.398 35003177.448 36003178.073 35003178.144 36003178.168
  8320: 34003178.244 61003178.394 65003181.074 76003181.074 81003181.074
  8325: 65003185.074 76003185.074 81003185.074 61003185.284 63003186.359
  8330:  3003186.359  4003186.861 33003187.964 35003188.107 36003188.139
  8335: 35003188.277 65003189.074 76003189.074 81003189.074 36003189.202
  8340: 35003189.222 27003189.222 28003189.232 36003189.611 35003189.616
  8345: 27003189.616 28003189.626 36003190.966 35003191.055 27003191.055
  8350: 28003191.065 36003191.708 35003191.717 36003191.765 35003191.776
  8355: 36003191.788 35003191.834 36003192.225 35003192.227 61003192.294
  8360: 36003192.521 35003192.603 36003192.651 35003192.658 36003192.712
  8365: 35003192.722 65003193.074 76003193.074 81003193.074 36003193.307
  8370: 35003193.341 36003193.464 34003193.598 33003194.020 35003195.798
  8375: 36003195.856 35003195.890 36003196.140 35003196.257 36003196.338
  8380: 35003196.371 36003196.494 35003196.563 36003196.921 35003196.984
  8385: 65003197.074 76003197.074 81003197.074 36003197.128 35003197.156
  8390: 36003197.170 35003197.252 36003197.270 35003197.593 36003198.421
  8395: 35003198.457 36003198.570 34003198.632 61003198.964 65003201.074
  8400: 76003201.074 81003201.074 33003203.233 35003203.391 36003204.370
  8405: 35003204.403 65003205.074 76003205.074 81003205.074 61003205.854
  8410: 36003205.859 35003206.411 36003206.580 35003206.614 36003206.928
  8415: 35003207.018 36003207.112 35003207.161 36003207.191 35003207.199
  8420: 36003207.306 34003208.034 33003208.168 34003208.351 33003208.354
  8425: 34003208.404 33003208.709 65003209.074 76003209.074 81003209.074
  8430: 35003209.079 36003209.169 35003209.216 36003209.307 34003209.359
  8435: 61003212.084 33003213.072 65003213.074 76003213.074 81003213.074
  8440: 35003213.343 36003214.127 35003214.154 36003214.355 35003214.407
  8445: 36003214.507 35003214.720 36003214.840 35003214.950 36003215.059
  8450: 34003215.707 65003217.074 76003217.074 81003217.074 61003218.754
  8455: 65003221.074 76003221.074 81003221.074 33003221.278 35003221.389
  8460: 36003221.626 35003221.662 36003222.709 35003222.738 36003223.066
  8465: 35003223.079 36003223.157 35003223.664 36003223.796 35003223.930
  8470: 36003224.023 35003224.094 36003224.114 34003224.482 33003224.494
  8475: 34003224.700 65003225.074 76003225.074 81003225.074 61003225.644
  8480: 33003228.638 35003228.993 65003229.074 76003229.074 81003229.074
  8485: 36003230.254 35003230.299 36003230.411 35003230.516 36003230.594
  8490: 35003230.808 36003231.274 35003231.328 36003231.438 34003231.518
  8495: 61003232.094 65003233.074 76003233.074 81003233.074 41003235.488
  8500: 42003235.894 41003236.682 65003237.074 76003237.074 81003237.074
  8505: 43003237.645 44003237.667 42003237.788 33003238.374 35003238.516
  8510: 36003238.552 35003238.788 36003238.837 35003238.892 61003238.984
  8515: 36003239.084 35003239.120 36003239.604 35003239.618 36003240.359
  8520: 35003240.376 36003240.458 35003240.506 36003240.840 35003240.975
  8525: 65003241.074 76003241.074 81003241.074 36003241.091 35003241.121
  8530: 36003241.234 35003241.314 36003241.341 35003241.996 36003242.027
  8535: 34003242.076 65003245.074 76003245.074 81003245.074 61003245.434
  8540: 33003247.925 35003248.181 36003248.412 35003248.421 65003249.074
  8545: 76003249.074 81003249.074 36003250.142 35003250.175 36003250.304
  8550: 35003250.354 36003250.602 35003250.661 36003250.769 35003250.775
  8555: 36003251.726 34003251.799 61003252.444 65003253.074 76003253.074
  8560: 81003253.074 65003257.074 76003257.074 81003257.074 33003257.799
  8565: 35003258.166 36003258.756 35003258.778 36003259.062 35003259.069
  8570: 36003259.182 35003259.242 36003259.308 61003259.454 35003259.647
  8575: 36003260.389 35003260.478 36003260.808 35003260.872 36003260.922
  8580: 35003260.970 65003261.074 76003261.074 81003261.074 36003261.560
  8585: 35003261.611 36003261.683 35003261.825 36003261.873 34003261.980
  8590: 65003265.074 76003265.074 81003265.074 61003266.344 41003267.025
  8595: 42003267.189 33003267.853 34003268.059 33003268.115 35003268.399
  8600: 36003268.471 35003268.613 65003269.074 76003269.074 81003269.074
  8605: 36003269.091 35003269.094 36003269.445 35003269.458 36003269.809
  8610: 35003269.821 36003270.088 35003270.115 36003270.200 35003270.542
  8615: 36003270.617 34003270.677 61003272.794 65003273.074 76003273.074
  8620: 81003273.074 33003275.819 35003276.167 36003276.229 35003276.267
  8625: 65003277.074 76003277.074 81003277.074 36003277.081 35003277.117
  8630: 36003277.221 35003277.254 36003277.638 35003277.703 36003278.047
  8635: 35003278.069 36003278.203 35003278.452 36003278.523 35003278.806
  8640: 36003278.911 35003278.988 36003279.075 35003279.135 36003279.235
  8645: 35003279.356 36003279.412 35003279.600 61003279.684 36003279.933
  8650: 35003279.935 36003279.946 35003279.967 36003280.083 35003280.115
  8655: 36003280.245 34003280.411 33003280.484 35003280.817 36003280.914
  8660: 34003280.952 65003281.074 76003281.074 81003281.074 65003285.074
  8665: 76003285.074 81003285.074 61003286.574 33003288.480 35003288.616
  8670: 36003288.704 35003288.736 65003289.074 76003289.074 81003289.074
  8675: 36003289.099 35003289.125 36003289.314 35003289.335 36003290.019
  8680: 35003290.060 36003290.179 35003290.186 36003290.322 35003290.348
  8685: 36003290.547 35003290.617 36003290.699 35003290.914 36003291.190
  8690: 35003291.353 36003291.452 35003291.627 36003291.757 35003291.975
  8695: 65003293.074 76003293.074 81003293.074 36003293.215 35003293.244
  8700: 36003293.393 34003293.480 33003293.568 61003293.584 35003293.926
  8705: 36003294.068 35003294.196 36003294.301 34003294.406 65003297.074
  8710: 76003297.074 81003297.074 33003298.688 34003298.733 33003298.828
  8715: 34003298.852 33003298.874 35003298.950 36003298.990 35003299.018
  8720: 36003299.491 35003299.527 36003299.576 35003299.847 36003300.422
  8725: 35003300.442 61003300.474 36003300.539 35003300.551 36003300.669
  8730: 35003301.017 36003301.042 65003301.074 76003301.074 81003301.074
  8735: 35003301.342 36003301.448 35003301.475 36003301.515 35003301.758
  8740: 36003301.985 34003302.036 65003305.074 76003305.074 81003305.074
  8745: 61003307.364 33003308.179 35003308.426 36003308.975 35003309.004
  8750: 65003309.074 76003309.074 81003309.074 36003309.192 35003309.201
  8755: 36003309.755 35003309.811 36003309.908 35003309.952 36003310.105
  8760: 35003310.643 36003310.812 35003310.871 36003310.892 35003311.046
  8765: 36003311.102 34003311.328 65003313.074 76003313.074 81003313.074
  8770: 61003313.594 33003316.401 34003316.441 33003316.467 35003316.683
  8775: 36003316.921 35003316.929 65003317.074 76003317.074 81003317.074
  8780: 36003317.302 35003317.319 36003317.785 35003317.840 36003318.489
  8785: 35003318.528 36003318.740 35003318.817 36003319.053 34003319.152
  8790: 61003320.044 65003321.074 76003321.074 81003321.074 65003325.074
  8795: 76003325.074 81003325.074 33003326.464 35003326.603 36003326.670
  8800: 35003326.718 36003326.797 35003326.865 61003326.934 36003326.998
  8805: 34003327.055 33003327.203 35003327.818 36003328.210 35003328.232
  8810: 36003328.943 35003328.949 36003329.048 65003329.074 76003329.074
  8815: 81003329.074 35003329.206 36003329.336 35003329.421 36003329.500
  8820: 34003329.895 65003333.074 76003333.074 81003333.074 61003333.824
  8825: 65003337.074 76003337.074 81003337.074 63003340.436  3003340.436
  8830: 61003340.834  4003340.938 65003341.074 76003341.074 81003341.074
  8835: 65003345.074 76003345.074 81003345.074 61003347.504 65003349.074
  8840: 76003349.074 81003349.074 65003353.074 76003353.074 81003353.074
  8845: 61003354.174 63003354.443  3003354.443  4003354.945 33003356.961
  8850: 65003357.074 76003357.074 81003357.074 35003357.228 36003357.551
  8855: 35003357.569 36003357.981 35003358.430 27003358.430 28003358.440
  8860: 36003358.775 35003358.778 27003358.778 28003358.788 36003359.423
  8865: 35003359.450 27003359.450 28003359.460 36003359.853 35003359.858
  8870: 36003359.989 35003360.043 36003360.098 35003360.108 36003360.151
  8875: 35003360.239 36003360.434 35003360.437 36003360.458 35003360.506
  8880: 36003360.747 35003360.812 36003360.898 35003360.912 36003361.033
  8885: 61003361.064 65003361.074 76003361.074 81003361.074 34003361.242
  8890: 33003361.693 34003362.308 33003362.341 34003362.364 33003362.460
  8895: 35003362.543 36003362.616 35003362.763 36003363.023 35003363.104
  8900: 36003363.122 35003363.124 36003363.226 35003363.279 36003363.384
  8905: 35003363.432 36003363.598 34003363.718 33003364.095 34003364.286
  8910: 33003364.315 34003364.664 33003364.687 35003364.778 65003365.074
  8915: 76003365.074 81003365.074 36003365.178 35003365.240 36003365.340
  8920: 35003365.386 36003365.825 34003365.929 61003367.734 65003369.074
  8925: 76003369.074 81003369.074 33003372.780 65003373.074 76003373.074
  8930: 81003373.074 35003373.437 61003374.184 36003374.741 35003374.743
  8935: 36003374.876 35003374.949 36003375.090 34003375.338 65003377.074
  8940: 76003377.074 81003377.074 61003380.414 33003380.621 35003380.906
  8945: 65003381.074 76003381.074 81003381.074 36003381.235 35003381.339
  8950: 36003381.475 35003381.543 36003381.573 35003381.595 36003381.612
  8955: 35003381.624 36003381.848 35003381.886 36003382.163 35003382.168
  8960: 36003382.188 35003382.228 36003382.428 35003382.476 36003382.582
  8965: 35003382.614 36003382.715 35003382.817 36003382.903 35003383.317
  8970: 36003383.524 35003383.622 36003383.663 35003383.679 36003383.795
  8975: 35003384.091 36003384.261 34003384.319 65003385.074 76003385.074
  8980: 81003385.074 61003386.644 65003389.074 76003389.074 81003389.074
  8985: 65003393.074 76003393.074 81003393.074 61003393.314 63003396.464
  8990:  3003396.464  4003396.966 65003397.074 76003397.074 81003397.074
  8995: 33003398.270 35003398.350 36003399.195 35003399.222 61003400.324
  9000: 36003400.583 35003400.847 27003400.847 28003400.857 65003401.074
  9005: 76003401.074 81003401.074 36003401.357 35003401.362 27003401.362
  9010: 28003401.372 36003401.656 35003401.676 27003401.676 28003401.686
  9015: 36003401.896 35003401.930 36003402.185 35003402.192 36003402.302
  9020: 35003402.347 36003402.469 35003402.481 36003402.752 35003402.808
  9025: 36003402.852 35003402.857 36003403.051 35003403.071 36003403.102
  9030: 35003403.234 36003403.567 35003403.601 36003403.701 35003403.736
  9035: 36003403.859 34003404.008 33003404.230 65003405.074 76003405.074
  9040: 81003405.074 34003405.784 33003405.841 34003405.870 33003405.954
  9045: 35003406.674 36003406.698 35003406.853 36003406.959 61003406.994
  9050: 35003407.008 36003407.121 35003407.174 36003407.452 35003407.508
  9055: 36003407.609 35003407.726 36003408.087 35003408.218 36003408.287
  9060: 35003408.370 36003408.447 35003408.650 65003409.074 76003409.074
  9065: 81003409.074 36003409.568 35003409.580 36003409.716 35003409.744
  9070: 36003409.874 35003409.934 36003410.045 35003410.072 36003410.211
  9075: 35003410.222 36003410.367 35003410.402 36003410.522 35003410.583
  9080: 36003410.668 34003410.722 33003410.735 34003410.761 33003411.007
  9085: 35003411.312 36003411.504 35003411.515 36003411.757 35003411.823
  9090: 36003411.909 34003411.977 65003413.074 76003413.074 81003413.074
  9095: 61003413.444 33003416.606 35003416.729 65003417.074 76003417.074
  9100: 81003417.074 36003417.900 35003417.956 36003418.258 35003418.259
  9105: 36003418.368 35003418.409 36003418.465 35003418.473 36003418.772
  9110: 35003418.942 36003419.039 35003419.141 36003419.194 35003419.548
  9115: 36003419.621 34003419.734 61003420.114 65003421.074 76003421.074
  9120: 81003421.074 65003425.074 76003425.074 81003425.074 63003426.479
  9125:  3003426.479 61003426.564  4003426.981 33003427.387 35003427.691
  9130: 36003428.051 35003428.105 36003428.453 35003428.500 27003428.500
  9135: 28003428.510 65003429.074 76003429.074 81003429.074 36003429.648
  9140: 35003429.657 27003429.657 28003429.667 36003430.602 35003430.629
  9145: 27003430.629 28003430.639 36003431.335 35003431.412 36003431.622
  9150: 35003431.672 36003431.918 35003431.942 36003432.355 35003432.379
  9155: 36003432.495 35003432.527 36003432.651 35003432.710 36003432.783
  9160: 34003432.916 65003433.074 76003433.074 81003433.074 33003433.201
  9165: 61003433.454 34003433.970 33003434.033 34003434.052 33003434.214
  9170: 35003434.504 36003434.582 35003434.587 36003435.277 35003435.278
  9175: 36003435.431 35003435.479 36003435.573 34003435.650 65003437.074
  9180: 76003437.074 81003437.074 61003440.344 65003441.074 76003441.074
  9185: 81003441.074 33003441.810 35003442.100 36003442.361 35003442.478
  9190: 36003442.698 35003442.714 36003443.543 35003443.577 36003443.694
  9195: 35003443.715 36003443.846 35003443.890 36003443.915 35003443.919
  9200: 36003444.019 35003444.106 36003444.154 35003444.268 36003445.016
  9205: 35003445.020 65003445.074 76003445.074 81003445.074 36003445.283
  9210: 35003445.337 36003445.432 34003445.516 33003445.693 34003445.735
  9215: 33003445.741 34003446.361 61003446.574 65003449.074 76003449.074
  9220: 81003449.074 61003453.024 65003453.074 76003453.074 81003453.074
  9225: 63003454.493  3003454.493  4003454.995 41003456.463 42003456.540
  9230: 41003456.649 65003457.074 76003457.074 81003457.074 43003457.428
  9235: 44003457.470 43003457.782 44003457.834 61003459.254 43003460.086
  9240: 44003460.120 43003460.203 44003460.250 43003460.354 44003460.404
  9245: 43003460.501 44003460.558 65003461.074 76003461.074 81003461.074
  9250: 43003461.342 44003461.481 42003463.767 41003463.831 42003463.903
  9255: 41003463.935 43003464.080 44003464.133 43003464.354 44003464.445
  9260: 43003464.682 44003464.737 43003464.780 44003464.824 43003464.975
  9265: 44003465.018 65003465.074 76003465.074 81003465.074 43003465.110
  9270: 44003465.156 43003465.486 44003465.537 42003465.645 61003466.264
  9275: 41003466.664 42003467.522 33003468.206 35003468.345 36003468.380
  9280: 35003468.434 36003468.634 35003468.647 65003469.074 76003469.074
  9285: 81003469.074 36003469.795 35003469.831 36003470.122 35003470.272
  9290: 36003470.286 35003470.294 36003470.398 35003470.420 36003470.539
  9295: 35003470.566 36003470.698 35003470.820 36003470.921 35003471.722
  9300: 36003471.894 35003471.907 61003472.714 65003473.074 76003473.074
  9305: 81003473.074 36003473.676 35003473.726 36003473.769 34003473.846
  9310: 33003474.335 35003474.566 36003474.872 35003474.930 36003475.159
  9315: 34003475.431 33003475.460 34003475.504 33003476.511 34003476.917
  9320: 65003477.074 76003477.074 81003477.074 61003479.164 63003480.506
  9325:  3003480.506  4003481.008 65003481.074 76003481.074 81003481.074
  9330: 41003483.282 42003484.064 33003484.622 34003484.851 33003484.986
  9335: 65003485.074 76003485.074 81003485.074 35003485.235 36003485.317
  9340: 35003485.392 61003486.054 36003486.712 35003486.741 36003487.574
  9345: 35003487.577 36003488.004 34003488.226 65003489.074 76003489.074
  9350: 81003489.074 63003492.512  3003492.512 61003492.724  4003493.014
  9355: 65003493.074 76003493.074 81003493.074 33003494.839 35003495.091
  9360: 36003495.198 35003495.366 36003495.568 35003495.610 27003495.610
  9365: 28003495.620 65003497.074 76003497.074 81003497.074 36003497.275
  9370: 35003497.288 27003497.288 28003497.298 36003497.696 35003497.709
  9375: 27003497.709 28003497.719 36003498.808 35003498.846 36003498.983
  9380: 35003498.988 36003499.094 35003499.177 36003499.264 35003499.345
  9385: 36003499.520 35003499.564 36003499.709 61003499.734 35003499.778
  9390: 36003500.163 35003500.206 36003500.283 34003500.415 33003500.812
  9395: 65003501.074 76003501.074 81003501.074 35003502.646 36003502.937
  9400: 35003503.000 36003503.122 35003503.181 36003503.292 35003503.317
  9405: 36003503.434 35003503.475 36003503.950 35003504.037 36003504.131
  9410: 35003504.156 36003504.286 35003504.346 36003504.428 34003504.466
  9415: 65003505.074 76003505.074 81003505.074 61003506.744 65003509.074
  9420: 76003509.074 81003509.074 33003509.852 35003510.006 36003510.037
  9425: 35003510.259 36003511.441 35003511.480 36003511.645 35003511.671
  9430: 36003512.059 35003512.126 36003512.223 35003512.297 36003512.371
  9435: 35003512.453 36003512.517 34003512.871 33003512.906 61003512.974
  9440: 35003513.065 65003513.074 76003513.074 81003513.074 36003513.163
  9445: 35003513.183 36003513.329 35003513.381 36003513.454 34003513.496
  9450: 65003517.074 76003517.074 81003517.074 33003518.563 35003518.631
  9455: 36003518.654 34003518.878 33003518.910 35003518.989 36003519.063
  9460: 34003519.114 33003519.197 61003519.204 34003519.230 33003519.250
  9465: 34003519.582 33003519.601 34003519.696 33003519.737 34003519.777
  9470: 33003519.970 34003520.989 33003521.027 65003521.074 76003521.074
  9475: 81003521.074 34003521.093 33003521.176 34003521.200 33003521.269
  9480: 35003521.505 36003521.576 34003521.713 33003522.141 35003523.289
  9485: 36003523.363 35003523.415 36003523.509 35003523.579 36003523.730
  9490: 35003523.800 36003524.217 35003524.276 36003524.364 35003524.439
  9495: 36003524.486 34003524.531 65003525.074 76003525.074 81003525.074
  9500: 61003525.434 65003529.074 76003529.074 81003529.074 33003529.215
  9505: 34003529.373 33003529.463 35003529.506 36003529.691 35003529.746
  9510: 36003530.048 35003530.170 36003530.304 35003530.310 36003530.327
  9515: 35003530.371 36003530.795 35003530.881 36003530.943 35003530.949
  9520: 36003530.967 35003530.998 36003531.067 35003531.248 36003531.483
  9525: 35003531.510 36003531.598 35003531.660 36003531.851 35003531.884
  9530: 36003532.062 61003532.104 35003532.143 36003532.211 35003532.304
  9535: 36003532.372 35003532.557 36003532.664 65003533.074 76003533.074
  9540: 81003533.074 34003533.357 33003533.361 35003533.561 36003534.313
  9545: 34003534.439 65003537.074 76003537.074 81003537.074 61003538.334
  9550: 33003540.092 35003540.410 36003540.560 35003540.621 36003540.687
  9555: 35003540.757 36003540.935 35003540.994 65003541.074 76003541.074
  9560: 81003541.074 36003541.319 35003541.354 36003541.444 35003541.478
  9565: 36003541.536 35003541.613 36003541.702 35003541.900 36003542.166
  9570: 35003542.389 36003542.473 34003542.583 65003545.074 76003545.074
  9575: 81003545.074 61003545.344 65003549.074 76003549.074 81003549.074
  9580: 33003550.167 35003550.516 36003550.681 35003550.930 61003551.794
  9585: 36003551.917 35003551.926 36003552.033 35003552.059 36003552.086
  9590: 35003552.119 36003552.173 35003552.190 36003552.472 35003552.533
  9595: 36003552.750 35003553.065 65003553.074 76003553.074 81003553.074
  9600: 36003553.259 35003553.566 36003553.655 35003553.719 36003553.902
  9605: 35003553.938 36003554.309 35003554.364 36003554.444 34003554.524
  9610: 65003557.074 76003557.074 81003557.074 61003558.244 33003560.245
  9615: 35003560.484 65003561.074 76003561.074 81003561.074 36003561.137
  9620: 35003561.151 36003561.320 35003561.337 36003561.425 35003561.437
  9625: 36003561.455 35003561.491 36003562.474 35003562.496 36003562.641
  9630: 35003562.668 36003563.684 34003563.777 61003564.474 65003565.074
  9635: 76003565.074 81003565.074 41003568.185 42003568.469 41003568.652
  9640: 65003569.074 76003569.074 81003569.074 43003569.139 44003569.193
  9645: 43003569.245 44003569.298 43003569.454 44003569.487 42003569.637
  9650: 41003569.711 42003570.352 33003570.885 34003571.160 61003571.364
  9655: 33003571.401 35003571.758 36003572.039 35003572.066 36003572.175
  9660: 35003572.179 36003572.845 35003572.872 65003573.074 76003573.074
  9665: 81003573.074 36003573.347 34003573.430 33003573.647 34003573.990
  9670: 33003574.001 34003574.095 33003574.856 35003575.159 36003575.237
  9675: 35003575.275 36003575.728 35003575.757 36003576.010 35003576.013
  9680: 36003576.288 35003576.315 36003576.398 35003576.462 36003576.528
  9685: 34003576.585 65003577.074 76003577.074 81003577.074 61003578.034
  9690: 33003579.102 34003579.137 33003579.192 35003579.560 36003579.663
  9695: 35003579.750 36003579.921 35003579.927 36003580.417 35003580.502
  9700: 36003580.582 34003580.666 65003581.074 76003581.074 81003581.074
  9705: 61003584.704 65003585.074 76003585.074 81003585.074 33003588.767
  9710: 35003589.070 65003589.074 76003589.074 81003589.074 36003589.331
  9715: 35003589.407 36003589.636 35003589.743 36003590.423 35003590.430
  9720: 36003590.524 35003590.550 36003590.567 35003590.571 36003590.730
  9725: 35003590.789 36003591.202 35003591.244 61003591.374 36003591.466
  9730: 35003591.524 36003591.531 35003591.634 36003591.691 35003591.892
  9735: 36003591.944 35003591.954 36003592.085 35003592.114 36003592.174
  9740: 35003592.291 36003592.382 34003592.420 65003593.074 76003593.074
  9745: 81003593.074 65003597.074 76003597.074 81003597.074 61003597.604
  9750: 65003601.074 76003601.074 81003601.074 33003601.705 35003601.988
  9755: 36003602.040 35003602.063 36003602.184 35003602.223 36003602.331
  9760: 35003602.343 36003602.582 35003602.590 36003602.767 35003602.787
  9765: 36003603.311 35003603.317 36003603.530 35003603.547 36003603.645
  9770: 35003603.873 36003604.147 35003604.164 36003604.180 35003604.211
  9775: 36003604.237 35003604.319 36003604.392 34003604.452 61003604.614
  9780: 65003605.074 76003605.074 81003605.074 65003609.074 76003609.074
  9785: 81003609.074 61003610.844 65003613.074 76003613.074 81003613.074
  9790: 63003614.573  3003614.573  4003615.075 65003617.074 76003617.074
  9795: 81003617.074 33003617.242 61003617.734 35003617.787 36003617.824
  9800: 35003618.134 36003618.331 34003618.360 33003618.361 35003618.605
  9805: 36003618.629 35003618.788 36003618.931 35003618.945 36003619.069
  9810: 35003619.085 36003619.371 35003619.414 36003619.817 35003619.844
  9815: 36003619.973 35003620.043 36003620.494 35003620.585 36003620.627
  9820: 35003620.877 36003621.006 35003621.010 65003621.074 76003621.074
  9825: 81003621.074 36003621.218 35003621.269 36003621.402 35003621.417
  9830: 36003621.491 35003621.526 36003621.575 35003621.629 36003621.650
  9835: 35003621.738 36003621.963 34003621.991 33003622.001 34003622.067
  9840: 33003622.140 34003622.313 33003622.438 35003622.988 36003623.225
  9845: 35003623.232 36003623.253 35003623.264 36003623.439 34003623.524
  9850: 61003624.404 65003625.074 76003625.074 81003625.074 41003628.911
  9855: 65003629.074 76003629.074 81003629.074 43003629.130 44003629.170
  9860: 43003629.454 44003629.475 42003629.755 33003630.409 34003630.489
  9865: 33003630.859 34003630.944 33003630.974 61003631.074 35003631.228
  9870: 36003631.680 35003631.726 36003632.085 35003632.181 36003632.237
  9875: 35003632.583 36003632.721 34003632.809 65003633.074 76003633.074
  9880: 81003633.074 33003634.520 35003634.748 36003634.804 35003634.888
  9885: 36003634.947 35003635.194 36003635.234 35003635.246 36003635.311
  9890: 34003635.353 65003637.074 76003637.074 81003637.074 61003637.964
  9895: 65003641.074 76003641.074 81003641.074 41003642.807 43003643.656
  9900: 44003643.702 43003644.102 44003644.145 43003644.216 44003644.254
  9905: 43003644.470 44003644.543 43003644.580 44003644.641 43003644.760
  9910: 44003644.798 61003644.974 65003645.074 76003645.074 81003645.074
  9915: 42003645.208 33003645.832 34003645.917 33003645.924 34003646.124
  9920: 33003646.179 34003646.202 33003646.289 34003646.338 33003646.416
  9925: 35003646.585 36003646.625 35003646.656 36003648.244 35003648.287
  9930: 36003648.848 35003648.875 36003648.987 65003649.074 76003649.074
  9935: 81003649.074 35003649.136 36003649.452 35003649.765 36003649.821
  9940: 35003650.175 36003650.445 34003650.618 61003651.984 65003653.074
  9945: 76003653.074 81003653.074 65003657.074 76003657.074 81003657.074
  9950: 61003658.874 33003660.845 65003661.074 76003661.074 81003661.074
  9955: 35003661.143 36003661.783 35003661.840 36003661.900 35003661.953
  9960: 36003662.133 35003662.140 36003662.894 35003662.927 36003663.086
  9965: 35003663.233 36003663.542 35003663.723 36003663.795 35003664.281
  9970: 36003664.882 65003665.074 76003665.074 81003665.074 34003665.182
  9975: 33003665.212 34003665.251 33003665.372 61003665.764 35003666.080
  9980: 36003666.247 35003666.261 36003666.328 35003666.425 36003666.507
  9985: 34003666.577 65003669.074 76003669.074 81003669.074 33003671.923
  9990: 34003672.004 33003672.021 35003672.273 36003672.474 35003672.622
  9995: 36003672.758 61003672.774 35003672.785 36003672.974 65003673.074
 10000: 76003673.074 81003673.074 35003673.148 36003673.367 35003673.412
 10005: 36003673.534 35003673.552 36003673.656 34003673.769 65003677.074
 10010: 76003677.074 81003677.074 61003679.664 65003681.074 76003681.074
 10015: 81003681.074 65003685.074 76003685.074 81003685.074 63003686.609
 10020:  3003686.609 61003686.674  4003687.111 33003687.939 34003688.211
 10025: 33003688.276 35003688.416 36003688.888 35003689.025 36003689.071
 10030: 65003689.074 76003689.074 81003689.074 35003689.168 27003689.168
 10035: 28003689.178 36003689.548 35003689.551 27003689.551 28003689.561
 10040: 36003689.987 35003689.991 27003689.991 28003690.001 36003690.226
 10045: 35003690.239 36003690.359 35003690.366 36003690.490 35003690.495
 10050: 36003690.731 35003690.771 36003690.837 35003690.942 36003690.983
 10055: 35003690.994 36003691.039 35003691.060 36003691.115 35003691.195
 10060: 36003691.260 35003691.269 36003691.317 35003691.330 36003691.713
 10065: 35003691.721 36003691.836 35003691.901 36003691.936 35003692.025
 10070: 36003692.101 34003692.250 33003692.671 34003692.763 33003692.813
 10075: 65003693.074 76003693.074 81003693.074 61003693.344 35003696.708
 10080: 36003696.790 35003696.863 36003696.954 65003697.074 76003697.074
 10085: 81003697.074 35003697.343 36003697.406 35003697.739 36003697.818
 10090: 35003697.911 36003698.007 35003698.054 36003698.161 35003698.418
 10095: 36003698.510 35003698.538 36003698.669 35003698.757 36003698.837
 10100: 61003699.794 35003700.645 36003700.704 35003700.849 36003700.893
 10105: 65003701.074 76003701.074 81003701.074 35003702.082 36003702.150
 10110: 35003702.202 36003702.317 35003702.386 36003702.480 35003702.821
 10115: 36003702.839 35003703.879 36003703.918 35003704.053 36003704.111
 10120: 65003705.074 76003705.074 81003705.074 35003705.201 36003705.269
 10125: 35003705.324 36003705.439 35003705.458 36003705.588 35003705.627
 10130: 36003705.731 35003705.830 36003705.894 35003706.189 36003706.232
 10135: 61003706.244 35003707.612 65003709.074 76003709.074 81003709.074
 10140: 36003709.515 35003709.529 36003709.660 34003709.782 33003709.870
 10145: 34003709.886 33003709.913 35003711.210 36003711.388 35003711.460
 10150: 36003711.528 35003711.579 36003711.688 34003711.925 33003711.955
 10155: 34003712.224 61003712.694 65003713.074 76003713.074 81003713.074
 10160: 33003713.998 35003714.344 36003714.804 35003714.860 36003715.226
 10165: 35003715.912 36003716.767 35003716.809 36003716.902 35003716.959
 10170: 36003717.039 65003717.074 76003717.074 81003717.074 34003717.756
 10175: 61003719.364 65003721.074 76003721.074 81003721.074 33003722.338
 10180: 35003722.462 36003722.519 34003722.591 33003722.647 35003722.735
 10185: 36003722.895 35003723.022 36003724.013 35003724.021 36003724.645
 10190: 35003724.669 36003725.032 65003725.074 76003725.074 81003725.074
 10195: 35003725.129 36003725.200 35003725.338 36003725.377 61003725.594
 10200: 35003725.724 36003725.775 34003725.857 33003726.085 34003726.106
 10205: 33003726.125 35003727.765 36003727.787 35003727.902 36003727.925
 10210: 35003728.062 36003728.142 35003728.221 36003728.303 35003728.796
 10215: 65003729.074 76003729.074 81003729.074 36003729.448 35003729.492
 10220: 36003729.584 34003729.882 61003732.604 65003733.074 76003733.074
 10225: 81003733.074 65003737.074 76003737.074 81003737.074 41003737.127
 10230: 42003737.512 33003738.161 35003738.314 36003738.376 35003738.596
 10235: 36003738.844 35003738.994 36003739.187 35003739.203 36003739.501
 10240: 34003739.537 61003739.614 33003739.690 34003739.933 33003740.072
 10245: 35003740.435 36003740.640 35003740.675 36003740.932 65003741.074
 10250: 76003741.074 81003741.074 34003741.307 33003741.471 35003742.346
 10255: 36003742.405 35003742.631 36003743.053 34003743.293 65003745.074
 10260: 76003745.074 81003745.074 61003746.504 33003747.421 35003747.894
 10265: 36003748.910 35003749.011 65003749.074 76003749.074 81003749.074
 10270: 36003749.141 35003749.194 36003749.302 35003749.574 36003749.670
 10275: 35003749.697 36003749.757 34003749.974 61003752.734 65003753.074
 10280: 76003753.074 81003753.074 65003757.074 76003757.074 81003757.074
 10285: 33003757.867 35003758.157 36003758.407 35003758.457 36003758.824
 10290: 35003758.841 36003759.318 35003759.350 61003759.744 36003759.904
 10295: 35003759.907 36003759.918 35003759.951 36003760.033 35003760.143
 10300: 36003760.423 34003760.444 33003760.526 34003760.561 33003760.662
 10305: 35003761.057 65003761.074 76003761.074 81003761.074 36003761.096
 10310: 35003761.179 36003761.239 35003761.303 36003761.385 35003761.459
 10315: 36003761.542 35003761.603 36003761.684 34003761.929 65003765.074
 10320: 76003765.074 81003765.074 61003766.194 65003769.074 76003769.074
 10325: 81003769.074 33003769.512 35003769.883 36003771.864 35003771.867
 10330: 36003771.884 35003771.915 36003772.167 35003772.218 36003772.307
 10335: 35003772.446 36003772.480 61003772.644 35003772.716 36003772.765
 10340: 34003772.834 65003773.074 76003773.074 81003773.074 33003773.148
 10345: 35003773.513 36003773.782 35003773.872 36003773.959 35003774.033
 10350: 36003774.166 34003774.225 65003777.074 76003777.074 81003777.074
 10355: 61003779.314 65003781.074 76003781.074 81003781.074 63003782.657
 10360:  3003782.657 33003782.864  4003783.159 35003783.204 36003783.241
 10365: 35003783.465 36003783.883 34003783.982 33003784.140 34003784.540
 10370: 33003785.001 65003785.074 76003785.074 81003785.074 35003785.290
 10375: 36003785.446 35003785.484 61003785.544 36003786.518 35003786.582
 10380: 36003786.837 34003786.937 65003789.074 76003789.074 81003789.074
 10385: 61003792.554 63003792.662  3003792.662 65003793.074 76003793.074
 10390: 81003793.074  4003793.164 33003793.503 35003793.763 36003793.996
 10395: 35003794.025 36003795.061 35003795.086 27003795.086 28003795.096
 10400: 36003795.445 35003795.448 27003795.448 28003795.458 36003796.396
 10405: 35003796.416 27003796.416 28003796.426 36003796.796 35003796.818
 10410: 36003796.863 35003796.872 65003797.074 76003797.074 81003797.074
 10415: 36003797.988 35003797.993 36003798.007 35003798.012 36003798.536
 10420: 35003798.553 36003798.671 35003798.737 36003798.809 34003798.975
 10425: 33003799.384 61003799.564 65003801.074 76003801.074 81003801.074
 10430: 34003801.929 33003801.951 35003802.174 36003802.226 35003802.539
 10435: 36003802.641 35003802.691 36003802.794 35003802.860 36003802.971
 10440: 35003803.028 36003803.124 35003803.185 36003803.284 34003803.686
 10445: 33003803.704 35003804.160 36003804.267 65003805.074 76003805.074
 10450: 81003805.074 35003805.106 36003805.168 35003805.253 36003805.350
 10455: 35003805.420 36003805.513 35003805.588 36003805.675 35003805.746
 10460: 36003805.828 35003805.919 36003805.998 35003806.104 36003806.189
 10465: 61003806.234 35003806.275 36003806.329 35003806.451 36003806.537
 10470: 35003806.945 36003807.053 35003807.087 36003807.220 35003807.321
 10475: 36003807.353 35003807.357 36003807.503 35003807.558 36003807.688
 10480: 35003807.744 36003808.051 35003808.135 36003808.247 35003808.301
 10485: 36003808.437 35003808.461 36003808.754 35003808.841 36003808.866
 10490: 65003809.074 76003809.074 81003809.074 35003809.114 36003809.240
 10495: 35003809.245 36003809.416 35003809.425 36003809.549 35003811.823
 10500: 36003811.885 35003811.962 36003812.241 35003812.569 36003812.666
 10505: 35003812.713 36003812.823 35003812.862 36003812.986 65003813.074
 10510: 76003813.074 81003813.074 35003813.084 36003813.157 61003813.244
 10515: 34003813.454 33003813.493 35003814.585 36003814.662 35003814.672
 10520: 36003814.739 35003814.801 36003814.903 35003814.992 36003815.036
 10525: 34003815.074 65003817.074 76003817.074 81003817.074 61003820.134
 10530: 65003821.074 76003821.074 81003821.074 33003821.085 35003821.330
 10535: 36003821.688 35003821.695 36003822.973 35003822.976 36003823.000
 10540: 35003823.043 36003823.108 35003823.145 36003823.468 35003823.526
 10545: 36003823.610 35003823.680 36003824.068 35003824.102 36003824.194
 10550: 35003824.269 36003824.367 35003824.832 36003824.988 34003825.068
 10555: 65003825.074 76003825.074 81003825.074 61003826.364 65003829.074
 10560: 76003829.074 81003829.074 33003831.382 35003831.660 36003832.386
 10565: 35003832.392 65003833.074 76003833.074 81003833.074 36003833.323
 10570: 35003833.363 61003833.374 36003833.448 34003833.617 33003833.775
 10575: 34003833.944 33003834.027 34003834.082 33003834.159 34003834.350
 10580: 33003834.386 35003834.894 36003835.073 35003835.145 36003835.396
 10585: 34003835.489 65003837.074 76003837.074 81003837.074 61003840.384
 10590: 65003841.074 76003841.074 81003841.074 33003843.008 35003843.346
 10595: 36003843.597 35003843.611 36003844.644 35003844.666 36003845.048
 10600: 65003845.074 76003845.074 81003845.074 35003845.086 36003845.780
 10605: 35003845.838 36003845.967 34003846.249 61003847.274 65003849.074
 10610: 76003849.074 81003849.074 65003853.074 76003853.074 81003853.074
 10615: 33003853.271 61003853.504 35003853.590 36003853.810 34003853.847
 10620: 33003853.865 34003853.904 33003853.915 35003853.968 36003854.754
 10625: 35003854.813 36003854.915 35003854.917 36003855.089 35003855.132
 10630: 36003855.424 35003855.444 36003855.557 35003855.564 36003855.652
 10635: 35003855.658 36003855.669 35003855.687 36003855.797 35003855.798
 10640: 36003855.823 35003855.843 36003855.946 34003856.024 33003856.037
 10645: 34003856.269 33003856.293 34003856.322 33003856.387 34003856.589
 10650: 33003856.606 34003856.634 33003856.697 35003856.945 65003857.074
 10655: 76003857.074 81003857.074 36003857.150 35003857.217 36003857.311
 10660: 34003857.419 61003859.734 65003861.074 76003861.074 81003861.074
 10665: 65003865.074 76003865.074 81003865.074 61003866.624 33003867.981
 10670: 35003868.279 36003868.690 35003868.875 65003869.074 76003869.074
 10675: 81003869.074 36003870.214 35003870.245 36003870.462 35003870.470
 10680: 36003871.139 35003871.161 36003871.245 35003871.389 36003871.491
 10685: 35003871.495 36003871.620 35003871.649 36003871.727 35003871.791
 10690: 36003871.947 34003872.243 65003873.074 76003873.074 81003873.074
 10695: 61003873.294 33003876.068 34003876.310 33003876.379 35003876.542
 10700: 36003876.573 35003876.755 36003876.886 34003876.914 33003877.023
 10705: 65003877.074 76003877.074 81003877.074 35003877.225 36003878.478
 10710: 35003878.498 36003878.537 35003878.572 36003879.194 35003879.200
 10715: 36003879.293 35003879.347 36003879.615 35003879.652 36003879.766
 10720: 34003879.978 61003880.184 65003881.074 76003881.074 81003881.074
 10725: 65003885.074 76003885.074 81003885.074 33003886.595 35003886.889
 10730: 36003886.967 35003886.981 61003887.074 36003887.255 35003887.305
 10735: 36003888.397 35003888.476 36003888.870 35003888.878 36003888.973
 10740: 35003889.043 65003889.074 76003889.074 81003889.074 36003889.089
 10745: 35003889.091 36003889.171 35003889.177 36003889.275 35003889.309
 10750: 36003889.321 35003889.322 36003889.407 34003889.571 33003889.623
 10755: 35003890.269 36003890.479 35003890.555 36003890.670 34003890.786
 10760: 65003893.074 76003893.074 81003893.074 61003893.964 65003897.074
 10765: 76003897.074 81003897.074 33003897.841 35003898.158 36003898.328
 10770: 35003898.384 36003900.127 34003900.143 33003900.168 61003900.194
 10775: 35003900.742 65003901.074 76003901.074 81003901.074 36003901.471
 10780: 35003901.521 36003901.654 35003901.701 36003901.795 35003901.823
 10785: 36003901.889 35003901.922 36003901.999 35003902.153 36003902.393
 10790: 35003902.471 36003902.526 35003902.602 36003902.633 34003903.554
 10795: 33003903.593 34003903.807 33003903.827 34003904.538 33003904.568
 10800: 35003904.804 65003905.074 76003905.074 81003905.074 36003905.121
 10805: 35003905.170 36003905.252 35003905.309 36003905.391 34003905.692
 10810: 61003907.084 65003909.074 76003909.074 81003909.074 33003912.510
 10815: 35003912.673 36003912.719 35003912.791 36003912.830 35003912.891
 10820: 65003913.074 76003913.074 81003913.074 36003913.537 35003913.559
 10825: 61003913.754 36003914.085 35003914.094 36003914.757 35003914.789
 10830: 36003915.228 35003915.234 36003915.255 35003915.308 36003915.340
 10835: 35003915.383 36003915.527 35003915.579 36003915.716 34003915.912
 10840: 33003915.939 35003916.090 36003916.143 35003916.217 36003916.320
 10845: 34003916.535 65003917.074 76003917.074 81003917.074 33003919.501
 10850: 35003919.727 36003919.971 35003919.978 36003920.114 35003920.143
 10855: 61003920.204 36003920.940 35003920.980 65003921.074 76003921.074
 10860: 81003921.074 36003921.123 35003921.212 36003921.299 35003921.319
 10865: 36003921.586 35003921.597 36003921.682 34003922.105 33003922.870
 10870: 35003923.121 36003923.171 35003923.182 36003923.573 35003923.650
 10875: 36003923.806 35003923.843 36003924.034 34003924.133 65003925.074
 10880: 76003925.074 81003925.074 61003926.654 33003928.417 35003928.812
 10885: 65003929.074 76003929.074 81003929.074 36003929.577 35003929.640
 10890: 36003929.782 35003929.797 36003930.695 35003930.762 36003930.819
 10895: 35003931.111 36003931.247 35003931.275 36003931.332 34003931.388
 10900: 65003933.074 76003933.074 81003933.074 61003933.324 65003937.074
 10905: 76003937.074 81003937.074 61003939.774 65003941.074 76003941.074
 10910: 81003941.074 33003941.251 35003941.563 36003942.233 35003942.267
 10915: 36003942.765 35003942.799 36003943.200 35003943.371 36003943.438
 10920: 35003943.596 36003943.658 35003943.747 36003943.809 35003943.813
 10925: 36003943.935 35003943.939 36003944.689 35003944.733 36003944.846
 10930: 65003945.074 76003945.074 81003945.074 35003945.118 36003945.311
 10935: 35003945.549 36003945.648 35003945.692 61003946.004 36003946.698
 10940: 35003946.747 36003946.804 35003947.699 36003947.888 34003948.003
 10945: 65003949.074 76003949.074 81003949.074 61003952.454 65003953.074
 10950: 76003953.074 81003953.074 33003954.665 35003955.142 36003955.858
 10955: 35003955.873 36003955.957 35003956.027 36003956.204 35003956.492
 10960: 36003956.771 35003956.790 36003956.884 35003956.929 65003957.074
 10965: 76003957.074 81003957.074 36003957.436 35003957.526 36003957.658
 10970: 35003957.838 36003957.886 34003958.290 61003958.904 33003959.218
 10975: 34003959.287 33003959.317 35003959.503 36003959.541 34003959.705
 10980: 65003961.074 76003961.074 81003961.074 65003965.074 76003965.074
 10985: 81003965.074 61003965.134 65003969.074 76003969.074 81003969.074
 10990: 63003970.751  3003970.751  4003971.253 61003971.804 65003973.074
 10995: 76003973.074 81003973.074 33003973.396 34003973.513 33003973.572
 11000: 35003973.786 36003974.171 35003974.178 36003974.643 35003974.653
 11005: 27003974.653 28003974.663 36003976.769 35003976.804 27003976.804
 11010: 28003976.814 65003977.074 76003977.074 81003977.074 61003978.034
 11015: 36003978.208 35003978.212 27003978.212 28003978.222 36003979.162
 11020: 35003979.177 36003979.230 35003979.233 36003979.269 35003979.283
 11025: 36003979.479 35003979.547 36003980.241 35003980.246 36003980.258
 11030: 35003980.310 36003980.361 34003980.498 33003980.816 65003981.074
 11035: 76003981.074 81003981.074 34003981.782 33003982.181 35003982.480
 11040: 36003983.091 35003983.134 36003983.454 35003983.464 36003983.567
 11045: 35003983.632 36003983.866 35003983.939 36003984.009 34003984.184
 11050: 33003984.263 61003984.924 65003985.074 76003985.074 81003985.074
 11055: 35003985.224 36003985.752 35003985.758 36003986.019 35003986.066
 11060: 36003986.179 35003986.231 36003986.336 35003986.382 36003986.490
 11065: 35003986.553 36003986.644 34003986.767 33003987.023 34003987.323
 11070: 65003989.074 76003989.074 81003989.074 61003991.814 33003992.563
 11075: 35003992.806 65003993.074 76003993.074 81003993.074 36003993.355
 11080: 35003993.401 36003993.832 35003993.843 36003994.526 35003994.592
 11085: 36003995.680 35003995.704 36003995.966 35003996.001 36003996.320
 11090: 35003996.373 36003996.399 34003997.049 65003997.074 76003997.074
 11095: 81003997.074 33003997.091 34003997.111 33003997.179 34003997.237
 11100: 61003998.704 65004001.074 76004001.074 81004001.074 33004004.581
 11105: 35004004.810 65004005.074 76004005.074 81004005.074 36004005.237
 11110: 35004005.281 61004005.714 36004006.155 35004006.159 36004006.533
 11115: 35004006.576 36004006.760 35004006.899 36004006.923 35004006.954
 11120: 36004007.108 34004007.695 65004009.074 76004009.074 81004009.074
 11125: 61004011.944 65004013.074 76004013.074 81004013.074 33004015.459
 11130: 35004015.859 36004016.114 35004016.127 36004016.582 35004016.605
 11135: 36004017.070 65004017.074 76004017.074 81004017.074 35004017.080
 11140: 36004017.099 35004017.132 36004017.342 35004017.409 36004017.462
 11145: 35004017.493 36004017.733 35004017.797 36004017.857 35004017.938
 11150: 36004018.009 35004018.130 36004018.183 35004018.235 36004018.279
 11155: 61004018.394 34004018.583 33004018.588 34004018.843 65004021.074
 11160: 76004021.074 81004021.074 61004024.624 65004025.074 76004025.074
 11165: 81004025.074 33004027.348 35004027.461 36004027.511 35004027.878
 11170: 36004028.232 35004028.275 36004028.805 35004028.816 65004029.074
 11175: 76004029.074 81004029.074 36004029.097 35004029.110 36004029.372
 11180: 34004029.755 61004031.634 65004033.074 76004033.074 81004033.074
 11185: 65004037.074 76004037.074 81004037.074 61004037.864 33004038.869
 11190: 35004039.136 36004039.500 35004039.638 36004039.836 35004039.847
 11195: 36004040.339 35004040.456 36004041.008 35004041.064 65004041.074
 11200: 76004041.074 81004041.074 36004041.348 35004041.551 36004041.566
 11205: 35004041.700 36004041.776 35004041.818 36004041.927 35004042.047
 11210: 36004042.224 35004042.306 36004042.371 35004042.623 36004042.633
 11215: 34004042.811 61004044.094 65004045.074 76004045.074 81004045.074
 11220: 65004049.074 76004049.074 81004049.074 33004050.061 34004050.424
 11225: 33004050.609 35004050.955 36004051.098 61004051.104 35004051.146
 11230: 36004051.230 35004051.294 36004051.414 35004051.436 36004051.644
 11235: 35004051.688 36004051.935 35004051.987 36004052.234 35004052.309
 11240: 36004052.344 34004052.456 65004053.074 76004053.074 81004053.074
 11245: 65004057.074 76004057.074 81004057.074 61004057.774 33004060.484
 11250: 35004060.668 36004060.717 35004060.767 65004061.074 76004061.074
 11255: 81004061.074 36004061.330 35004061.371 36004061.510 35004061.556
 11260: 36004061.599 35004061.989 36004063.119 35004063.280 36004063.395
 11265: 35004063.407 36004063.424 35004063.495 36004063.717 34004063.764
 11270: 61004064.444 65004065.074 76004065.074 81004065.074 65004069.074
 11275: 76004069.074 81004069.074 61004070.674 65004073.074 76004073.074
 11280: 81004073.074 63004076.804  3004076.804 33004076.960 65004077.074
 11285: 76004077.074 81004077.074 35004077.235 36004077.286  4004077.306
 11290: 35004077.348 61004077.564 36004078.967 35004078.992 27004078.992
 11295: 28004079.002 36004080.090 35004080.106 27004080.106 28004080.116
 11300: 36004080.776 35004080.790 27004080.790 28004080.800 65004081.074
 11305: 76004081.074 81004081.074 36004081.316 35004081.402 36004081.597
 11310: 35004081.605 36004082.405 35004082.476 36004082.541 34004082.670
 11315: 33004083.130 61004083.794 34004084.440 65004085.074 76004085.074
 11320: 81004085.074 33004085.361 35004085.969 36004086.180 35004086.227
 11325: 36004086.653 35004086.689 36004086.813 35004086.835 36004087.114
 11330: 35004087.184 36004087.221 35004087.288 36004087.355 35004087.596
 11335: 36004087.986 35004088.025 36004088.283 35004088.368 36004088.406
 11340: 34004088.642 65004089.074 76004089.074 81004089.074 61004090.684
 11345: 65004093.074 76004093.074 81004093.074 33004094.119 35004094.422
 11350: 36004095.640 35004095.660 36004095.680 35004095.704 36004095.796
 11355: 34004096.114 61004096.914 65004097.074 76004097.074 81004097.074
 11360: 65004101.074 76004101.074 81004101.074 63004102.817  3004102.817
 11365: 61004103.144 33004103.177  4004103.319 35004103.563 36004103.596
 11370: 35004103.622 36004103.817 34004103.853 33004103.876 35004104.077
 11375: 36004104.133 35004104.262 36004104.943 35004104.992 65004105.074
 11380: 76004105.074 81004105.074 36004105.482 35004105.503 36004105.574
 11385: 35004105.585 36004106.063 35004106.078 36004106.240 35004106.258
 11390: 36004106.366 35004106.430 36004106.777 35004106.927 36004107.023
 11395: 34004107.157 65004109.074 76004109.074 81004109.074 61004109.594
 11400: 65004113.074 76004113.074 81004113.074 33004114.548 35004114.813
 11405: 36004114.924 35004115.017 36004115.143 35004115.297 36004115.511
 11410: 35004115.529 36004115.770 35004115.824 36004116.495 35004116.501
 11415: 36004116.531 35004116.556 61004116.604 36004116.668 35004116.677
 11420: 36004116.859 34004117.032 65004117.074 76004117.074 81004117.074
 11425: 65004121.074 76004121.074 81004121.074 33004122.815 35004123.137
 11430: 36004123.195 61004123.274 35004124.001 36004124.413 35004124.508
 11435: 36004124.750 35004124.873 65004125.074 76004125.074 81004125.074
 11440: 36004125.130 34004125.175 65004129.074 76004129.074 81004129.074
 11445: 61004130.284 65004133.074 76004133.074 81004133.074 63004134.833
 11450:  3004134.833  4004135.335 65004137.074 76004137.074 81004137.074
 11455: 61004137.294 65004141.074 76004141.074 81004141.074 61004144.304
 11460: 63004144.838  3004144.838 65004145.074 76004145.074 81004145.074
 11465:  4004145.340 65004149.074 76004149.074 81004149.074 63004150.841
 11470:  3004150.841 61004151.194  4004151.343 33004152.022 35004152.469
 11475: 65004153.074 76004153.074 81004153.074 36004153.329 35004153.521
 11480: 36004153.822 35004153.840 27004153.840 28004153.850 36004153.853
 11485: 35004153.858 27004153.858 28004153.868 36004155.614 35004155.620
 11490: 27004155.620 28004155.630 36004156.422 35004156.526 65004157.074
 11495: 76004157.074 81004157.074 36004157.212 34004157.341 61004157.424
 11500: 33004157.838 34004160.385 33004160.467 35004161.042 65004161.074
 11505: 76004161.074 81004161.074 36004161.222 35004161.241 36004161.260
 11510: 35004161.305 36004161.558 35004161.629 36004161.732 35004161.764
 11515: 36004162.071 34004162.257 33004162.399 34004162.711 61004163.874
 11520: 65004165.074 76004165.074 81004165.074 33004168.938 65004169.074
 11525: 76004169.074 81004169.074 35004169.099 36004169.313 35004169.484
 11530: 36004169.631 35004169.776 61004170.104 36004170.351 35004170.392
 11535: 36004170.745 35004170.790 36004170.948 34004170.978 33004171.107
 11540: 35004171.373 36004171.410 35004171.576 36004171.656 34004171.725
 11545: 65004173.074 76004173.074 81004173.074 65004177.074 76004177.074
 11550: 81004177.074 61004177.114 63004180.856  3004180.856 65004181.074
 11555: 76004181.074 81004181.074  4004181.358 61004184.124 65004185.074
 11560: 76004185.074 81004185.074 33004187.474 35004187.883 36004188.055
 11565: 35004188.248 36004188.604 35004188.679 36004188.792 35004188.924
 11570: 36004189.030 35004189.058 65004189.074 76004189.074 81004189.074
 11575: 36004189.117 35004190.019 36004190.174 34004190.288 61004190.794
 11580: 33004190.965 34004191.239 33004191.279 35004191.572 36004191.593
 11585: 34004191.669 65004193.074 76004193.074 81004193.074 65004197.074
 11590: 76004197.074 81004197.074 61004197.804 65004201.074 76004201.074
 11595: 81004201.074 33004202.587 35004203.056 36004203.570 35004203.769
 11600: 36004203.963 35004204.013 61004204.694 65004205.074 76004205.074
 11605: 81004205.074  2004205.074
